track_title,track_speaker,track_duration,comment_timestamp,comment_url,comment_commenter_username,comment_keyword
"Dave - 2015 - 03 - 25, 6.49 PM",Dave,1122168,407666,http://soundcloud.com/openedmonton/dave-2015-03-25-649-pm#t=6m47s,OpenEdmonton,"“So in the ’37 we moved over there and built a two-storey chickenhouse and lived in the chickenhouse."""
"Dave - 2015 - 03 - 25, 6.49 PM",Dave,1122168,340071,http://soundcloud.com/openedmonton/dave-2015-03-25-649-pm#t=5m40s,OpenEdmonton,Dave talks about the great depression
"Dave - 2015 - 03 - 25, 6.49 PM",Dave,1122168,117006,http://soundcloud.com/openedmonton/dave-2015-03-25-649-pm#t=1m57s,OpenEdmonton,Dave has polio
"Dave - 2015 - 03 - 25, 6.49 PM",Dave,1122168,214169,http://soundcloud.com/openedmonton/dave-2015-03-25-649-pm#t=3m34s,OpenEdmonton,Great western garment
"Dave - 2015 - 03 - 25, 6.49 PM",Dave,1122168,40370,http://soundcloud.com/openedmonton/dave-2015-03-25-649-pm#t=0m40s,OpenEdmonton,Dave talks about Cunard steamship building
"Dave - 2015 - 03 - 25, 6.49 PM",Dave,1122168,684,http://soundcloud.com/openedmonton/dave-2015-03-25-649-pm#t=0m0s,OpenEdmonton,Dave was ready to talk haha
"Alf March 25 - 2015 - 03 - 25, 5.35 PM",Alf,927486,836913,http://soundcloud.com/openedmonton/alf-march-25-2015-03-25-535-pm#t=13m56s,OpenEdmonton,Alf
"Alf March 25 - 2015 - 03 - 25, 5.35 PM",Alf,927486,836913,http://soundcloud.com/openedmonton/alf-march-25-2015-03-25-535-pm#t=13m56s,OpenEdmonton,Roxy
"Alf March 25 - 2015 - 03 - 25, 5.35 PM",Alf,927486,156558,http://soundcloud.com/openedmonton/alf-march-25-2015-03-25-535-pm#t=2m36s,OpenEdmonton,@openedmonton: Alf
"Alf March 25 - 2015 - 03 - 25, 5.35 PM",Alf,927486,156558,http://soundcloud.com/openedmonton/alf-march-25-2015-03-25-535-pm#t=2m36s,OpenEdmonton,Horse
"Alf March 25 - 2015 - 03 - 25, 5.35 PM",Alf,927486,156558,http://soundcloud.com/openedmonton/alf-march-25-2015-03-25-535-pm#t=2m36s,OpenEdmonton,Farming
"Alf March 25 - 2015 - 03 - 25, 5.35 PM",Alf,927486,156558,http://soundcloud.com/openedmonton/alf-march-25-2015-03-25-535-pm#t=2m36s,OpenEdmonton,1970's
"Alf March 25 - 2015 - 03 - 25, 5.35 PM",Alf,927486,290068,http://soundcloud.com/openedmonton/alf-march-25-2015-03-25-535-pm#t=4m50s,OpenEdmonton,@openedmonton: Alf
"Alf March 25 - 2015 - 03 - 25, 5.35 PM",Alf,927486,290068,http://soundcloud.com/openedmonton/alf-march-25-2015-03-25-535-pm#t=4m50s,OpenEdmonton,Oilers
"Alf March 25 - 2015 - 03 - 25, 5.35 PM",Alf,927486,707861,http://soundcloud.com/openedmonton/alf-march-25-2015-03-25-535-pm#t=11m47s,OpenEdmonton,Alf
"Alf March 25 - 2015 - 03 - 25, 5.35 PM",Alf,927486,707861,http://soundcloud.com/openedmonton/alf-march-25-2015-03-25-535-pm#t=11m47s,OpenEdmonton,Ward 6
"Alf March 25 - 2015 - 03 - 25, 5.35 PM",Alf,927486,618717,http://soundcloud.com/openedmonton/alf-march-25-2015-03-25-535-pm#t=10m18s,OpenEdmonton,Alf
"Alf March 25 - 2015 - 03 - 25, 5.35 PM",Alf,927486,618717,http://soundcloud.com/openedmonton/alf-march-25-2015-03-25-535-pm#t=10m18s,OpenEdmonton,Silk Hat
"Alf March 25 - 2015 - 03 - 25, 5.35 PM",Alf,927486,514434,http://soundcloud.com/openedmonton/alf-march-25-2015-03-25-535-pm#t=8m34s,OpenEdmonton,Alf
"Alf March 25 - 2015 - 03 - 25, 5.35 PM",Alf,927486,514434,http://soundcloud.com/openedmonton/alf-march-25-2015-03-25-535-pm#t=8m34s,OpenEdmonton,Black Friday
"Alf March 25 - 2015 - 03 - 25, 5.35 PM",Alf,927486,442339,http://soundcloud.com/openedmonton/alf-march-25-2015-03-25-535-pm#t=7m22s,OpenEdmonton,Alf
"Alf March 25 - 2015 - 03 - 25, 5.35 PM",Alf,927486,442339,http://soundcloud.com/openedmonton/alf-march-25-2015-03-25-535-pm#t=7m22s,OpenEdmonton,Rivalry with Calgary
"Alf March 25 - 2015 - 03 - 25, 5.35 PM",Alf,927486,290068,http://soundcloud.com/openedmonton/alf-march-25-2015-03-25-535-pm#t=4m50s,OpenEdmonton,Alf
"Alf March 25 - 2015 - 03 - 25, 5.35 PM",Alf,927486,290068,http://soundcloud.com/openedmonton/alf-march-25-2015-03-25-535-pm#t=4m50s,OpenEdmonton,Oilers Winning Streak
"Alf March 25 - 2015 - 03 - 25, 5.35 PM",Alf,927486,255961,http://soundcloud.com/openedmonton/alf-march-25-2015-03-25-535-pm#t=4m15s,OpenEdmonton,Alf
"Alf March 25 - 2015 - 03 - 25, 5.35 PM",Alf,927486,255961,http://soundcloud.com/openedmonton/alf-march-25-2015-03-25-535-pm#t=4m15s,OpenEdmonton,City of Champions
"Alf March 25 - 2015 - 03 - 25, 5.35 PM",Alf,927486,197726,http://soundcloud.com/openedmonton/alf-march-25-2015-03-25-535-pm#t=3m17s,OpenEdmonton,Alf
"Alf March 25 - 2015 - 03 - 25, 5.35 PM",Alf,927486,197726,http://soundcloud.com/openedmonton/alf-march-25-2015-03-25-535-pm#t=3m17s,OpenEdmonton,Downtown Edmonton
"Alf March 25 - 2015 - 03 - 25, 5.35 PM",Alf,927486,197726,http://soundcloud.com/openedmonton/alf-march-25-2015-03-25-535-pm#t=3m17s,OpenEdmonton,1980's
"Alf March 25 - 2015 - 03 - 25, 5.35 PM",Alf,927486,156558,http://soundcloud.com/openedmonton/alf-march-25-2015-03-25-535-pm#t=2m36s,OpenEdmonton,Alf
"Alf March 25 - 2015 - 03 - 25, 5.35 PM",Alf,927486,156558,http://soundcloud.com/openedmonton/alf-march-25-2015-03-25-535-pm#t=2m36s,OpenEdmonton,Horse Powered Farming
"Alf March 25 - 2015 - 03 - 25, 5.35 PM",Alf,927486,156558,http://soundcloud.com/openedmonton/alf-march-25-2015-03-25-535-pm#t=2m36s,OpenEdmonton,19070's
"Alf March 25 - 2015 - 03 - 25, 5.35 PM",Alf,927486,67148,http://soundcloud.com/openedmonton/alf-march-25-2015-03-25-535-pm#t=1m7s,OpenEdmonton,Alf
"Alf March 25 - 2015 - 03 - 25, 5.35 PM",Alf,927486,67148,http://soundcloud.com/openedmonton/alf-march-25-2015-03-25-535-pm#t=1m7s,OpenEdmonton,Milkman
"Alf March 25 - 2015 - 03 - 25, 5.35 PM",Alf,927486,67148,http://soundcloud.com/openedmonton/alf-march-25-2015-03-25-535-pm#t=1m7s,OpenEdmonton,Horse drawn carriage
"Alf March 25 - 2015 - 03 - 25, 5.35 PM",Alf,927486,8008,http://soundcloud.com/openedmonton/alf-march-25-2015-03-25-535-pm#t=0m8s,OpenEdmonton,Alf
"Alf March 25 - 2015 - 03 - 25, 5.35 PM",Alf,927486,8008,http://soundcloud.com/openedmonton/alf-march-25-2015-03-25-535-pm#t=0m8s,OpenEdmonton,Fort Saskatchewan
"Alf March 25 - 2015 - 03 - 25, 5.35 PM",Alf,927486,8008,http://soundcloud.com/openedmonton/alf-march-25-2015-03-25-535-pm#t=0m8s,OpenEdmonton,1903
"Michelle - 2015 - 03 - 04, 6.31 PM",Michelle,646486,110094,http://soundcloud.com/openedmonton/michelle-2015-03-04-631-pm#t=1m50s,fahim hassan,drawing
"Michelle - 2015 - 03 - 04, 6.31 PM",Michelle,646486,110094,http://soundcloud.com/openedmonton/michelle-2015-03-04-631-pm#t=1m50s,fahim hassan,artwork
"Michelle - 2015 - 03 - 04, 6.31 PM",Michelle,646486,90431,http://soundcloud.com/openedmonton/michelle-2015-03-04-631-pm#t=1m30s,fahim hassan,makerspace
"Michelle - 2015 - 03 - 04, 6.31 PM",Michelle,646486,59791,http://soundcloud.com/openedmonton/michelle-2015-03-04-631-pm#t=0m59s,fahim hassan,muscle spasms
"Wesley A March 4 - 2015 - 03 - 04, 5.56 PM",Wesley A,689697,560308,http://soundcloud.com/openedmonton/wesley-a-march-4-2015-03-04-556-pm#t=9m20s,cmoresid,104 street
"Wesley A March 4 - 2015 - 03 - 04, 5.56 PM",Wesley A,689697,501014,http://soundcloud.com/openedmonton/wesley-a-march-4-2015-03-04-556-pm#t=8m21s,cmoresid,winter cycle
"Wesley A March 4 - 2015 - 03 - 04, 5.56 PM",Wesley A,689697,421558,http://soundcloud.com/openedmonton/wesley-a-march-4-2015-03-04-556-pm#t=7m1s,cmoresid,winter city
"Wesley A March 4 - 2015 - 03 - 04, 5.56 PM",Wesley A,689697,381668,http://soundcloud.com/openedmonton/wesley-a-march-4-2015-03-04-556-pm#t=6m21s,cmoresid,legendary
"Wesley A March 4 - 2015 - 03 - 04, 5.56 PM",Wesley A,689697,343079,http://soundcloud.com/openedmonton/wesley-a-march-4-2015-03-04-556-pm#t=5m43s,cmoresid,ontario winter
"Wesley A March 4 - 2015 - 03 - 04, 5.56 PM",Wesley A,689697,322470,http://soundcloud.com/openedmonton/wesley-a-march-4-2015-03-04-556-pm#t=5m22s,cmoresid,winter
"Wesley A March 4 - 2015 - 03 - 04, 5.56 PM",Wesley A,689697,322470,http://soundcloud.com/openedmonton/wesley-a-march-4-2015-03-04-556-pm#t=5m22s,cmoresid,grandparents
"Wesley A March 4 - 2015 - 03 - 04, 5.56 PM",Wesley A,689697,256666,http://soundcloud.com/openedmonton/wesley-a-march-4-2015-03-04-556-pm#t=4m16s,cmoresid,winter
"Wesley A March 4 - 2015 - 03 - 04, 5.56 PM",Wesley A,689697,256666,http://soundcloud.com/openedmonton/wesley-a-march-4-2015-03-04-556-pm#t=4m16s,cmoresid,dark
"Wesley A March 4 - 2015 - 03 - 04, 5.56 PM",Wesley A,689697,204261,http://soundcloud.com/openedmonton/wesley-a-march-4-2015-03-04-556-pm#t=3m24s,cmoresid,west edmonton mall
"Wesley A March 4 - 2015 - 03 - 04, 5.56 PM",Wesley A,689697,189248,http://soundcloud.com/openedmonton/wesley-a-march-4-2015-03-04-556-pm#t=3m9s,cmoresid,winter changing
"Wesley A March 4 - 2015 - 03 - 04, 5.56 PM",Wesley A,689697,128716,http://soundcloud.com/openedmonton/wesley-a-march-4-2015-03-04-556-pm#t=2m8s,cmoresid,volunteer
"Wesley A March 4 - 2015 - 03 - 04, 5.56 PM",Wesley A,689697,83710,http://soundcloud.com/openedmonton/wesley-a-march-4-2015-03-04-556-pm#t=1m23s,cmoresid,deep freeze festival
"Wesley A March 4 - 2015 - 03 - 04, 5.56 PM",Wesley A,689697,70035,http://soundcloud.com/openedmonton/wesley-a-march-4-2015-03-04-556-pm#t=1m10s,cmoresid,alberta avenue
"Wesley A March 4 - 2015 - 03 - 04, 5.56 PM",Wesley A,689697,48873,http://soundcloud.com/openedmonton/wesley-a-march-4-2015-03-04-556-pm#t=0m48s,cmoresid,winter
"Wesley A March 4 - 2015 - 03 - 04, 5.56 PM",Wesley A,689697,18411,http://soundcloud.com/openedmonton/wesley-a-march-4-2015-03-04-556-pm#t=0m18s,cmoresid,new opportunities
"Wesley A March 4 - 2015 - 03 - 04, 5.56 PM",Wesley A,689697,10772,http://soundcloud.com/openedmonton/wesley-a-march-4-2015-03-04-556-pm#t=0m10s,cmoresid,edmonton
"Wesley A March 4 - 2015 - 03 - 04, 5.56 PM",Wesley A,689697,10772,http://soundcloud.com/openedmonton/wesley-a-march-4-2015-03-04-556-pm#t=0m10s,cmoresid,4 years
"Sandra March 19 - 2015 - 03 - 18, 5.26 PM",Sandra,676320,617348,http://soundcloud.com/openedmonton/sandra-march-19-2015-03-18-526-pm#t=10m17s,OpenEdmonton,Sandra
"Sandra March 19 - 2015 - 03 - 18, 5.26 PM",Sandra,676320,617348,http://soundcloud.com/openedmonton/sandra-march-19-2015-03-18-526-pm#t=10m17s,OpenEdmonton,dangerous
"Sandra March 19 - 2015 - 03 - 18, 5.26 PM",Sandra,676320,617348,http://soundcloud.com/openedmonton/sandra-march-19-2015-03-18-526-pm#t=10m17s,OpenEdmonton,changed
"Sandra March 19 - 2015 - 03 - 18, 5.26 PM",Sandra,676320,617348,http://soundcloud.com/openedmonton/sandra-march-19-2015-03-18-526-pm#t=10m17s,OpenEdmonton,rough
"Sandra March 19 - 2015 - 03 - 18, 5.26 PM",Sandra,676320,574459,http://soundcloud.com/openedmonton/sandra-march-19-2015-03-18-526-pm#t=9m34s,OpenEdmonton,@openedmonton: Sandra
"Sandra March 19 - 2015 - 03 - 18, 5.26 PM",Sandra,676320,574459,http://soundcloud.com/openedmonton/sandra-march-19-2015-03-18-526-pm#t=9m34s,OpenEdmonton,John Wayne
"Sandra March 19 - 2015 - 03 - 18, 5.26 PM",Sandra,676320,574459,http://soundcloud.com/openedmonton/sandra-march-19-2015-03-18-526-pm#t=9m34s,OpenEdmonton,Sandra
"Sandra March 19 - 2015 - 03 - 18, 5.26 PM",Sandra,676320,574459,http://soundcloud.com/openedmonton/sandra-march-19-2015-03-18-526-pm#t=9m34s,OpenEdmonton,Roxy
"Sandra March 19 - 2015 - 03 - 18, 5.26 PM",Sandra,676320,546417,http://soundcloud.com/openedmonton/sandra-march-19-2015-03-18-526-pm#t=9m6s,OpenEdmonton,Sandra
"Sandra March 19 - 2015 - 03 - 18, 5.26 PM",Sandra,676320,546417,http://soundcloud.com/openedmonton/sandra-march-19-2015-03-18-526-pm#t=9m6s,OpenEdmonton,Westmount
"Sandra March 19 - 2015 - 03 - 18, 5.26 PM",Sandra,676320,511776,http://soundcloud.com/openedmonton/sandra-march-19-2015-03-18-526-pm#t=8m31s,OpenEdmonton,Sandra
"Sandra March 19 - 2015 - 03 - 18, 5.26 PM",Sandra,676320,511776,http://soundcloud.com/openedmonton/sandra-march-19-2015-03-18-526-pm#t=8m31s,OpenEdmonton,Eatons
"Sandra March 19 - 2015 - 03 - 18, 5.26 PM",Sandra,676320,511776,http://soundcloud.com/openedmonton/sandra-march-19-2015-03-18-526-pm#t=8m31s,OpenEdmonton,Groceteria
"Sandra March 19 - 2015 - 03 - 18, 5.26 PM",Sandra,676320,461464,http://soundcloud.com/openedmonton/sandra-march-19-2015-03-18-526-pm#t=7m41s,OpenEdmonton,Sandra
"Sandra March 19 - 2015 - 03 - 18, 5.26 PM",Sandra,676320,461464,http://soundcloud.com/openedmonton/sandra-march-19-2015-03-18-526-pm#t=7m41s,OpenEdmonton,Downtown
"Sandra March 19 - 2015 - 03 - 18, 5.26 PM",Sandra,676320,461464,http://soundcloud.com/openedmonton/sandra-march-19-2015-03-18-526-pm#t=7m41s,OpenEdmonton,Swedish
"Sandra March 19 - 2015 - 03 - 18, 5.26 PM",Sandra,676320,461464,http://soundcloud.com/openedmonton/sandra-march-19-2015-03-18-526-pm#t=7m41s,OpenEdmonton,jewler
"Sandra March 19 - 2015 - 03 - 18, 5.26 PM",Sandra,676320,461464,http://soundcloud.com/openedmonton/sandra-march-19-2015-03-18-526-pm#t=7m41s,OpenEdmonton,Chiropodist
"Sandra March 19 - 2015 - 03 - 18, 5.26 PM",Sandra,676320,419400,http://soundcloud.com/openedmonton/sandra-march-19-2015-03-18-526-pm#t=6m59s,OpenEdmonton,Sandra
"Sandra March 19 - 2015 - 03 - 18, 5.26 PM",Sandra,676320,419400,http://soundcloud.com/openedmonton/sandra-march-19-2015-03-18-526-pm#t=6m59s,OpenEdmonton,Downtown
"Sandra March 19 - 2015 - 03 - 18, 5.26 PM",Sandra,676320,388059,http://soundcloud.com/openedmonton/sandra-march-19-2015-03-18-526-pm#t=6m28s,OpenEdmonton,Sandra
"Sandra March 19 - 2015 - 03 - 18, 5.26 PM",Sandra,676320,388059,http://soundcloud.com/openedmonton/sandra-march-19-2015-03-18-526-pm#t=6m28s,OpenEdmonton,Anglican Church
"Sandra March 19 - 2015 - 03 - 18, 5.26 PM",Sandra,676320,388059,http://soundcloud.com/openedmonton/sandra-march-19-2015-03-18-526-pm#t=6m28s,OpenEdmonton,St. Peter's
"Sandra March 19 - 2015 - 03 - 18, 5.26 PM",Sandra,676320,332798,http://soundcloud.com/openedmonton/sandra-march-19-2015-03-18-526-pm#t=5m32s,OpenEdmonton,Sandra
"Sandra March 19 - 2015 - 03 - 18, 5.26 PM",Sandra,676320,332798,http://soundcloud.com/openedmonton/sandra-march-19-2015-03-18-526-pm#t=5m32s,OpenEdmonton,Safe
"Sandra March 19 - 2015 - 03 - 18, 5.26 PM",Sandra,676320,332798,http://soundcloud.com/openedmonton/sandra-march-19-2015-03-18-526-pm#t=5m32s,OpenEdmonton,Brownies
"Sandra March 19 - 2015 - 03 - 18, 5.26 PM",Sandra,676320,332798,http://soundcloud.com/openedmonton/sandra-march-19-2015-03-18-526-pm#t=5m32s,OpenEdmonton,snow
"Sandra March 19 - 2015 - 03 - 18, 5.26 PM",Sandra,676320,332798,http://soundcloud.com/openedmonton/sandra-march-19-2015-03-18-526-pm#t=5m32s,OpenEdmonton,stars
"Sandra March 19 - 2015 - 03 - 18, 5.26 PM",Sandra,676320,332798,http://soundcloud.com/openedmonton/sandra-march-19-2015-03-18-526-pm#t=5m32s,OpenEdmonton,big dipper
"Sandra March 19 - 2015 - 03 - 18, 5.26 PM",Sandra,676320,289085,http://soundcloud.com/openedmonton/sandra-march-19-2015-03-18-526-pm#t=4m49s,OpenEdmonton,Sandra
"Sandra March 19 - 2015 - 03 - 18, 5.26 PM",Sandra,676320,289085,http://soundcloud.com/openedmonton/sandra-march-19-2015-03-18-526-pm#t=4m49s,OpenEdmonton,infill
"Sandra March 19 - 2015 - 03 - 18, 5.26 PM",Sandra,676320,252795,http://soundcloud.com/openedmonton/sandra-march-19-2015-03-18-526-pm#t=4m12s,OpenEdmonton,Sandra
"Sandra March 19 - 2015 - 03 - 18, 5.26 PM",Sandra,676320,252795,http://soundcloud.com/openedmonton/sandra-march-19-2015-03-18-526-pm#t=4m12s,OpenEdmonton,CN
"Sandra March 19 - 2015 - 03 - 18, 5.26 PM",Sandra,676320,252795,http://soundcloud.com/openedmonton/sandra-march-19-2015-03-18-526-pm#t=4m12s,OpenEdmonton,retired
"Sandra March 19 - 2015 - 03 - 18, 5.26 PM",Sandra,676320,223917,http://soundcloud.com/openedmonton/sandra-march-19-2015-03-18-526-pm#t=3m43s,OpenEdmonton,Sandra
"Sandra March 19 - 2015 - 03 - 18, 5.26 PM",Sandra,676320,223917,http://soundcloud.com/openedmonton/sandra-march-19-2015-03-18-526-pm#t=3m43s,OpenEdmonton,Quarantine
"Sandra March 19 - 2015 - 03 - 18, 5.26 PM",Sandra,676320,207503,http://soundcloud.com/openedmonton/sandra-march-19-2015-03-18-526-pm#t=3m27s,OpenEdmonton,Sandra
"Sandra March 19 - 2015 - 03 - 18, 5.26 PM",Sandra,676320,207503,http://soundcloud.com/openedmonton/sandra-march-19-2015-03-18-526-pm#t=3m27s,OpenEdmonton,Whooping cough
"Sandra March 19 - 2015 - 03 - 18, 5.26 PM",Sandra,676320,172374,http://soundcloud.com/openedmonton/sandra-march-19-2015-03-18-526-pm#t=2m52s,OpenEdmonton,@openedmonton: Sandra
"Sandra March 19 - 2015 - 03 - 18, 5.26 PM",Sandra,676320,172374,http://soundcloud.com/openedmonton/sandra-march-19-2015-03-18-526-pm#t=2m52s,OpenEdmonton,Streetcar
"Sandra March 19 - 2015 - 03 - 18, 5.26 PM",Sandra,676320,172374,http://soundcloud.com/openedmonton/sandra-march-19-2015-03-18-526-pm#t=2m52s,OpenEdmonton,Sandra
"Sandra March 19 - 2015 - 03 - 18, 5.26 PM",Sandra,676320,172374,http://soundcloud.com/openedmonton/sandra-march-19-2015-03-18-526-pm#t=2m52s,OpenEdmonton,1947
"Sandra March 19 - 2015 - 03 - 18, 5.26 PM",Sandra,676320,87052,http://soundcloud.com/openedmonton/sandra-march-19-2015-03-18-526-pm#t=1m27s,OpenEdmonton,@openedmonton: Sandra
"Sandra March 19 - 2015 - 03 - 18, 5.26 PM",Sandra,676320,87052,http://soundcloud.com/openedmonton/sandra-march-19-2015-03-18-526-pm#t=1m27s,OpenEdmonton,Awesome
"Sandra March 19 - 2015 - 03 - 18, 5.26 PM",Sandra,676320,87052,http://soundcloud.com/openedmonton/sandra-march-19-2015-03-18-526-pm#t=1m27s,OpenEdmonton,Sandra
"Sandra March 19 - 2015 - 03 - 18, 5.26 PM",Sandra,676320,87052,http://soundcloud.com/openedmonton/sandra-march-19-2015-03-18-526-pm#t=1m27s,OpenEdmonton,report card
"Sandra March 19 - 2015 - 03 - 18, 5.26 PM",Sandra,676320,87052,http://soundcloud.com/openedmonton/sandra-march-19-2015-03-18-526-pm#t=1m27s,OpenEdmonton,school
"Sandra March 19 - 2015 - 03 - 18, 5.26 PM",Sandra,676320,87052,http://soundcloud.com/openedmonton/sandra-march-19-2015-03-18-526-pm#t=1m27s,OpenEdmonton,107 avenue
"Sandra March 19 - 2015 - 03 - 18, 5.26 PM",Sandra,676320,74495,http://soundcloud.com/openedmonton/sandra-march-19-2015-03-18-526-pm#t=1m14s,OpenEdmonton,Sandra
"Sandra March 19 - 2015 - 03 - 18, 5.26 PM",Sandra,676320,74495,http://soundcloud.com/openedmonton/sandra-march-19-2015-03-18-526-pm#t=1m14s,OpenEdmonton,17 Avenue
"Sandra March 19 - 2015 - 03 - 18, 5.26 PM",Sandra,676320,66944,http://soundcloud.com/openedmonton/sandra-march-19-2015-03-18-526-pm#t=1m6s,OpenEdmonton,Sandra
"Sandra March 19 - 2015 - 03 - 18, 5.26 PM",Sandra,676320,66944,http://soundcloud.com/openedmonton/sandra-march-19-2015-03-18-526-pm#t=1m6s,OpenEdmonton,107
"Sandra March 19 - 2015 - 03 - 18, 5.26 PM",Sandra,676320,63095,http://soundcloud.com/openedmonton/sandra-march-19-2015-03-18-526-pm#t=1m3s,OpenEdmonton,Sandra
"Sandra March 19 - 2015 - 03 - 18, 5.26 PM",Sandra,676320,63095,http://soundcloud.com/openedmonton/sandra-march-19-2015-03-18-526-pm#t=1m3s,OpenEdmonton,McDougal School
"Sandra March 19 - 2015 - 03 - 18, 5.26 PM",Sandra,676320,38576,http://soundcloud.com/openedmonton/sandra-march-19-2015-03-18-526-pm#t=0m38s,OpenEdmonton,@openedmonton: sandra
"Sandra March 19 - 2015 - 03 - 18, 5.26 PM",Sandra,676320,38576,http://soundcloud.com/openedmonton/sandra-march-19-2015-03-18-526-pm#t=0m38s,OpenEdmonton,quarantine
"Sandra March 19 - 2015 - 03 - 18, 5.26 PM",Sandra,676320,38576,http://soundcloud.com/openedmonton/sandra-march-19-2015-03-18-526-pm#t=0m38s,OpenEdmonton,Sandra
"Sandra March 19 - 2015 - 03 - 18, 5.26 PM",Sandra,676320,38576,http://soundcloud.com/openedmonton/sandra-march-19-2015-03-18-526-pm#t=0m38s,OpenEdmonton,whooping cough
"Justin - 2015 - 03 - 18, 7.43 PM",Justin,217070,28958,http://soundcloud.com/openedmonton/justin-2015-03-18-743-pm#t=0m28s,OpenEdmonton,@openedmonton: app
"Justin - 2015 - 03 - 18, 7.43 PM",Justin,217070,165879,http://soundcloud.com/openedmonton/justin-2015-03-18-743-pm#t=2m45s,OpenEdmonton,civic tech
"Justin - 2015 - 03 - 18, 7.43 PM",Justin,217070,52314,http://soundcloud.com/openedmonton/justin-2015-03-18-743-pm#t=0m52s,OpenEdmonton,ets
"Justin - 2015 - 03 - 18, 7.43 PM",Justin,217070,28958,http://soundcloud.com/openedmonton/justin-2015-03-18-743-pm#t=0m28s,OpenEdmonton,ap
"Justin - 2015 - 03 - 18, 7.43 PM",Justin,217070,28958,http://soundcloud.com/openedmonton/justin-2015-03-18-743-pm#t=0m28s,OpenEdmonton,bus bird
"Alex March 11 - 2015 - 03 - 11, 5.28 PM",Alex,621328,223660,http://soundcloud.com/openedmonton/alex-march-11-2015-03-11-528-pm#t=3m43s,fahim hassan,Alex
"Alex March 11 - 2015 - 03 - 11, 5.28 PM",Alex,621328,223660,http://soundcloud.com/openedmonton/alex-march-11-2015-03-11-528-pm#t=3m43s,fahim hassan,women in tech
"Alex March 11 - 2015 - 03 - 11, 5.28 PM",Alex,621328,77956,http://soundcloud.com/openedmonton/alex-march-11-2015-03-11-528-pm#t=1m17s,fahim hassan,Alex
"Alex March 11 - 2015 - 03 - 11, 5.28 PM",Alex,621328,77956,http://soundcloud.com/openedmonton/alex-march-11-2015-03-11-528-pm#t=1m17s,fahim hassan,digital public space
"Connor March 18 - 2015 - 03 - 18, 6.24 PM",Connor,573753,397959,http://soundcloud.com/openedmonton/connor-march-18-2015-03-18-624-pm#t=6m37s,OpenEdmonton,programming
"Connor March 18 - 2015 - 03 - 18, 6.24 PM",Connor,573753,385014,http://soundcloud.com/openedmonton/connor-march-18-2015-03-18-624-pm#t=6m25s,OpenEdmonton,Grandfather
"Connor March 18 - 2015 - 03 - 18, 6.24 PM",Connor,573753,319376,http://soundcloud.com/openedmonton/connor-march-18-2015-03-18-624-pm#t=5m19s,OpenEdmonton,software development
"Connor March 18 - 2015 - 03 - 18, 6.24 PM",Connor,573753,183477,http://soundcloud.com/openedmonton/connor-march-18-2015-03-18-624-pm#t=3m3s,OpenEdmonton,Open Edmonton
"Connor March 18 - 2015 - 03 - 18, 6.24 PM",Connor,573753,83139,http://soundcloud.com/openedmonton/connor-march-18-2015-03-18-624-pm#t=1m23s,OpenEdmonton,volunteer
"Connor March 18 - 2015 - 03 - 18, 6.24 PM",Connor,573753,20871,http://soundcloud.com/openedmonton/connor-march-18-2015-03-18-624-pm#t=0m20s,OpenEdmonton,civic tech
Holly A. March 3,Holly A.,503922,460791,http://soundcloud.com/openedmonton/holly-a-march-3#t=7m40s,cmoresid,Holly
Holly A. March 3,Holly A.,503922,460791,http://soundcloud.com/openedmonton/holly-a-march-3#t=7m40s,cmoresid,river valley
Holly A. March 3,Holly A.,503922,449254,http://soundcloud.com/openedmonton/holly-a-march-3#t=7m29s,cmoresid,Holly
Holly A. March 3,Holly A.,503922,449254,http://soundcloud.com/openedmonton/holly-a-march-3#t=7m29s,cmoresid,dark crisp winter sky
Holly A. March 3,Holly A.,503922,428535,http://soundcloud.com/openedmonton/holly-a-march-3#t=7m8s,cmoresid,David
Holly A. March 3,Holly A.,503922,428535,http://soundcloud.com/openedmonton/holly-a-march-3#t=7m8s,cmoresid,winter memory
Holly A. March 3,Holly A.,503922,394445,http://soundcloud.com/openedmonton/holly-a-march-3#t=6m34s,cmoresid,Holly
Holly A. March 3,Holly A.,503922,394445,http://soundcloud.com/openedmonton/holly-a-march-3#t=6m34s,cmoresid,3D printers
Holly A. March 3,Holly A.,503922,322886,http://soundcloud.com/openedmonton/holly-a-march-3#t=5m22s,cmoresid,Holly
Holly A. March 3,Holly A.,503922,322886,http://soundcloud.com/openedmonton/holly-a-march-3#t=5m22s,cmoresid,technology
Holly A. March 3,Holly A.,503922,322886,http://soundcloud.com/openedmonton/holly-a-march-3#t=5m22s,cmoresid,library
Holly A. March 3,Holly A.,503922,320146,http://soundcloud.com/openedmonton/holly-a-march-3#t=5m20s,cmoresid,David
Holly A. March 3,Holly A.,503922,320146,http://soundcloud.com/openedmonton/holly-a-march-3#t=5m20s,cmoresid,Makerspace
Holly A. March 3,Holly A.,503922,282981,http://soundcloud.com/openedmonton/holly-a-march-3#t=4m42s,cmoresid,Holly
Holly A. March 3,Holly A.,503922,282981,http://soundcloud.com/openedmonton/holly-a-march-3#t=4m42s,cmoresid,winter
Holly A. March 3,Holly A.,503922,282981,http://soundcloud.com/openedmonton/holly-a-march-3#t=4m42s,cmoresid,struggle
Holly A. March 3,Holly A.,503922,282981,http://soundcloud.com/openedmonton/holly-a-march-3#t=4m42s,cmoresid,downtown
Holly A. March 3,Holly A.,503922,268020,http://soundcloud.com/openedmonton/holly-a-march-3#t=4m28s,cmoresid,Holly
Holly A. March 3,Holly A.,503922,268020,http://soundcloud.com/openedmonton/holly-a-march-3#t=4m28s,cmoresid,grandparents
Holly A. March 3,Holly A.,503922,268020,http://soundcloud.com/openedmonton/holly-a-march-3#t=4m28s,cmoresid,hard times
Holly A. March 3,Holly A.,503922,256383,http://soundcloud.com/openedmonton/holly-a-march-3#t=4m16s,cmoresid,Holly
Holly A. March 3,Holly A.,503922,256383,http://soundcloud.com/openedmonton/holly-a-march-3#t=4m16s,cmoresid,grandparents
Holly A. March 3,Holly A.,503922,238109,http://soundcloud.com/openedmonton/holly-a-march-3#t=3m58s,cmoresid,David
Holly A. March 3,Holly A.,503922,238109,http://soundcloud.com/openedmonton/holly-a-march-3#t=3m58s,cmoresid,survive winter
Holly A. March 3,Holly A.,503922,223968,http://soundcloud.com/openedmonton/holly-a-march-3#t=3m43s,cmoresid,Holly
Holly A. March 3,Holly A.,503922,223968,http://soundcloud.com/openedmonton/holly-a-march-3#t=3m43s,cmoresid,winter
Holly A. March 3,Holly A.,503922,223968,http://soundcloud.com/openedmonton/holly-a-march-3#t=3m43s,cmoresid,long nights
Holly A. March 3,Holly A.,503922,197012,http://soundcloud.com/openedmonton/holly-a-march-3#t=3m17s,cmoresid,Holly
Holly A. March 3,Holly A.,503922,197012,http://soundcloud.com/openedmonton/holly-a-march-3#t=3m17s,cmoresid,winter
Holly A. March 3,Holly A.,503922,197012,http://soundcloud.com/openedmonton/holly-a-march-3#t=3m17s,cmoresid,tv shows
Holly A. March 3,Holly A.,503922,155690,http://soundcloud.com/openedmonton/holly-a-march-3#t=2m35s,cmoresid,Holly
Holly A. March 3,Holly A.,503922,155690,http://soundcloud.com/openedmonton/holly-a-march-3#t=2m35s,cmoresid,winter
Holly A. March 3,Holly A.,503922,112786,http://soundcloud.com/openedmonton/holly-a-march-3#t=1m52s,cmoresid,Holly
Holly A. March 3,Holly A.,503922,112786,http://soundcloud.com/openedmonton/holly-a-march-3#t=1m52s,cmoresid,awesome
Holly A. March 3,Holly A.,503922,112786,http://soundcloud.com/openedmonton/holly-a-march-3#t=1m52s,cmoresid,hamburger hill
Holly A. March 3,Holly A.,503922,102059,http://soundcloud.com/openedmonton/holly-a-march-3#t=1m42s,cmoresid,Holly
Holly A. March 3,Holly A.,503922,102059,http://soundcloud.com/openedmonton/holly-a-march-3#t=1m42s,cmoresid,favourite toboggan hill
Holly A. March 3,Holly A.,503922,76202,http://soundcloud.com/openedmonton/holly-a-march-3#t=1m16s,cmoresid,Holly
Holly A. March 3,Holly A.,503922,76202,http://soundcloud.com/openedmonton/holly-a-march-3#t=1m16s,cmoresid,snow
Holly A. March 3,Holly A.,503922,38128,http://soundcloud.com/openedmonton/holly-a-march-3#t=0m38s,cmoresid,David
Holly A. March 3,Holly A.,503922,38128,http://soundcloud.com/openedmonton/holly-a-march-3#t=0m38s,cmoresid,winter
Holly A. March 3,Holly A.,503922,17713,http://soundcloud.com/openedmonton/holly-a-march-3#t=0m17s,cmoresid,Holly
Holly A. March 3,Holly A.,503922,17713,http://soundcloud.com/openedmonton/holly-a-march-3#t=0m17s,cmoresid,Makerspace
Holly A. March 3,Holly A.,503922,10354,http://soundcloud.com/openedmonton/holly-a-march-3#t=0m10s,cmoresid,Holly
Holly A. March 3,Holly A.,503922,10354,http://soundcloud.com/openedmonton/holly-a-march-3#t=0m10s,cmoresid,edmonton public library
"Jason March 19 - 2015 - 03 - 18, 5.56 PM",Jason,878449,730481,http://soundcloud.com/openedmonton/jason-march-19-2015-03-18-556-pm#t=12m10s,OpenEdmonton,birthday gift
"Jason March 19 - 2015 - 03 - 18, 5.56 PM",Jason,878449,730481,http://soundcloud.com/openedmonton/jason-march-19-2015-03-18-556-pm#t=12m10s,OpenEdmonton,guitar
"Jason March 19 - 2015 - 03 - 18, 5.56 PM",Jason,878449,642947,http://soundcloud.com/openedmonton/jason-march-19-2015-03-18-556-pm#t=10m42s,OpenEdmonton,the artery
"Jason March 19 - 2015 - 03 - 18, 5.56 PM",Jason,878449,612438,http://soundcloud.com/openedmonton/jason-march-19-2015-03-18-556-pm#t=10m12s,OpenEdmonton,raygun cowboys
"Jason March 19 - 2015 - 03 - 18, 5.56 PM",Jason,878449,573457,http://soundcloud.com/openedmonton/jason-march-19-2015-03-18-556-pm#t=9m33s,OpenEdmonton,pawn shop
"Jason March 19 - 2015 - 03 - 18, 5.56 PM",Jason,878449,251715,http://soundcloud.com/openedmonton/jason-march-19-2015-03-18-556-pm#t=4m11s,OpenEdmonton,Filthy McNasty's
"Jason March 19 - 2015 - 03 - 18, 5.56 PM",Jason,878449,202629,http://soundcloud.com/openedmonton/jason-march-19-2015-03-18-556-pm#t=3m22s,OpenEdmonton,Punk scene
"Jason March 19 - 2015 - 03 - 18, 5.56 PM",Jason,878449,202629,http://soundcloud.com/openedmonton/jason-march-19-2015-03-18-556-pm#t=3m22s,OpenEdmonton,edmonton
"Jason March 19 - 2015 - 03 - 18, 5.56 PM",Jason,878449,133909,http://soundcloud.com/openedmonton/jason-march-19-2015-03-18-556-pm#t=2m13s,OpenEdmonton,Alberta Beach
"Jason March 19 - 2015 - 03 - 18, 5.56 PM",Jason,878449,26862,http://soundcloud.com/openedmonton/jason-march-19-2015-03-18-556-pm#t=0m26s,OpenEdmonton,Guitar
"Jason March 19 - 2015 - 03 - 18, 5.56 PM",Jason,878449,693653,http://soundcloud.com/openedmonton/jason-march-19-2015-03-18-556-pm#t=11m33s,OpenEdmonton,Recussive isn't a word
"Jason March 19 - 2015 - 03 - 18, 5.56 PM",Jason,878449,693653,http://soundcloud.com/openedmonton/jason-march-19-2015-03-18-556-pm#t=11m33s,OpenEdmonton,sorry
"Jason March 19 - 2015 - 03 - 18, 5.56 PM",Jason,878449,693653,http://soundcloud.com/openedmonton/jason-march-19-2015-03-18-556-pm#t=11m33s,OpenEdmonton,Jason. I was wrong.
"Jason March 19 - 2015 - 03 - 18, 5.56 PM",Jason,878449,509393,http://soundcloud.com/openedmonton/jason-march-19-2015-03-18-556-pm#t=8m29s,OpenEdmonton,What makes a good band? A good solo act at the center
"Jason March 19 - 2015 - 03 - 18, 5.56 PM",Jason,878449,213720,http://soundcloud.com/openedmonton/jason-march-19-2015-03-18-556-pm#t=3m33s,OpenEdmonton,cool pnk band
"Jason March 19 - 2015 - 03 - 18, 5.56 PM",Jason,878449,213720,http://soundcloud.com/openedmonton/jason-march-19-2015-03-18-556-pm#t=3m33s,OpenEdmonton,Joey Didd and the necropheliacs
"Jason March 19 - 2015 - 03 - 18, 5.56 PM",Jason,878449,213720,http://soundcloud.com/openedmonton/jason-march-19-2015-03-18-556-pm#t=3m33s,OpenEdmonton,talks cool punk bands
"Jason March 19 - 2015 - 03 - 18, 5.56 PM",Jason,878449,213720,http://soundcloud.com/openedmonton/jason-march-19-2015-03-18-556-pm#t=3m33s,OpenEdmonton,
"Jason March 19 - 2015 - 03 - 18, 5.56 PM",Jason,878449,119447,http://soundcloud.com/openedmonton/jason-march-19-2015-03-18-556-pm#t=1m59s,OpenEdmonton,the lost art of folk music
"Jason March 19 - 2015 - 03 - 18, 5.56 PM",Jason,878449,6963,http://soundcloud.com/openedmonton/jason-march-19-2015-03-18-556-pm#t=0m6s,OpenEdmonton,Jason Plays Black Keys
"Kate G Second - 2015 - 03 - 11, 7.04 PM",Kate G,790748,689095,http://soundcloud.com/openedmonton/kate-g-second-2015-03-11-704-pm#t=11m29s,OpenEdmonton,women
"Kate G Second - 2015 - 03 - 11, 7.04 PM",Kate G,790748,364997,http://soundcloud.com/openedmonton/kate-g-second-2015-03-11-704-pm#t=6m4s,OpenEdmonton,children
"Kate G Second - 2015 - 03 - 11, 7.04 PM",Kate G,790748,318070,http://soundcloud.com/openedmonton/kate-g-second-2015-03-11-704-pm#t=5m18s,OpenEdmonton,parent
"Kate G Second - 2015 - 03 - 11, 7.04 PM",Kate G,790748,318070,http://soundcloud.com/openedmonton/kate-g-second-2015-03-11-704-pm#t=5m18s,OpenEdmonton,leader
"Kate G Second - 2015 - 03 - 11, 7.04 PM",Kate G,790748,226296,http://soundcloud.com/openedmonton/kate-g-second-2015-03-11-704-pm#t=3m46s,OpenEdmonton,women
"Kate G Second - 2015 - 03 - 11, 7.04 PM",Kate G,790748,226296,http://soundcloud.com/openedmonton/kate-g-second-2015-03-11-704-pm#t=3m46s,OpenEdmonton,leaders
"Kate G Second - 2015 - 03 - 11, 7.04 PM",Kate G,790748,107522,http://soundcloud.com/openedmonton/kate-g-second-2015-03-11-704-pm#t=1m47s,OpenEdmonton,leadership
"Kate G Second - 2015 - 03 - 11, 7.04 PM",Kate G,790748,107522,http://soundcloud.com/openedmonton/kate-g-second-2015-03-11-704-pm#t=1m47s,OpenEdmonton,award
"Kate G Second - 2015 - 03 - 11, 7.04 PM",Kate G,790748,107522,http://soundcloud.com/openedmonton/kate-g-second-2015-03-11-704-pm#t=1m47s,OpenEdmonton,leader
"Kate G Second - 2015 - 03 - 11, 7.04 PM",Kate G,790748,40983,http://soundcloud.com/openedmonton/kate-g-second-2015-03-11-704-pm#t=0m40s,OpenEdmonton,2012
"Kate G Second - 2015 - 03 - 11, 7.04 PM",Kate G,790748,40983,http://soundcloud.com/openedmonton/kate-g-second-2015-03-11-704-pm#t=0m40s,OpenEdmonton,downtown
"Kate G Second - 2015 - 03 - 11, 7.04 PM",Kate G,790748,40983,http://soundcloud.com/openedmonton/kate-g-second-2015-03-11-704-pm#t=0m40s,OpenEdmonton,vibrant
"Kate G Second - 2015 - 03 - 11, 7.04 PM",Kate G,790748,40983,http://soundcloud.com/openedmonton/kate-g-second-2015-03-11-704-pm#t=0m40s,OpenEdmonton,richard florida
"Kate G Second - 2015 - 03 - 11, 7.04 PM",Kate G,790748,40983,http://soundcloud.com/openedmonton/kate-g-second-2015-03-11-704-pm#t=0m40s,OpenEdmonton,small town
"Kate G Second - 2015 - 03 - 11, 7.04 PM",Kate G,790748,15586,http://soundcloud.com/openedmonton/kate-g-second-2015-03-11-704-pm#t=0m15s,OpenEdmonton,changed
"Jan March 18 - 2015 - 03 - 18, 7.37 PM",Jan,529185,492203,http://soundcloud.com/openedmonton/jan-march-18-2015-03-18-737-pm#t=8m12s,OpenEdmonton,art
"Jan March 18 - 2015 - 03 - 18, 7.37 PM",Jan,529185,492203,http://soundcloud.com/openedmonton/jan-march-18-2015-03-18-737-pm#t=8m12s,OpenEdmonton,photos
"Jan March 18 - 2015 - 03 - 18, 7.37 PM",Jan,529185,462619,http://soundcloud.com/openedmonton/jan-march-18-2015-03-18-737-pm#t=7m42s,OpenEdmonton,recycle
"Jan March 18 - 2015 - 03 - 18, 7.37 PM",Jan,529185,440793,http://soundcloud.com/openedmonton/jan-march-18-2015-03-18-737-pm#t=7m20s,OpenEdmonton,environment
"Jan March 18 - 2015 - 03 - 18, 7.37 PM",Jan,529185,287879,http://soundcloud.com/openedmonton/jan-march-18-2015-03-18-737-pm#t=4m47s,OpenEdmonton,Eco City Society
"Jan March 18 - 2015 - 03 - 18, 7.37 PM",Jan,529185,276977,http://soundcloud.com/openedmonton/jan-march-18-2015-03-18-737-pm#t=4m36s,OpenEdmonton,kelly ramsey building
"Jan March 18 - 2015 - 03 - 18, 7.37 PM",Jan,529185,26428,http://soundcloud.com/openedmonton/jan-march-18-2015-03-18-737-pm#t=0m26s,OpenEdmonton,crafts
"Jan March 18 - 2015 - 03 - 18, 7.37 PM",Jan,529185,26428,http://soundcloud.com/openedmonton/jan-march-18-2015-03-18-737-pm#t=0m26s,OpenEdmonton,pedal power
"Jan March 18 - 2015 - 03 - 18, 7.37 PM",Jan,529185,14772,http://soundcloud.com/openedmonton/jan-march-18-2015-03-18-737-pm#t=0m14s,OpenEdmonton,farmer's market
"Jan March 18 - 2015 - 03 - 18, 7.37 PM",Jan,529185,14772,http://soundcloud.com/openedmonton/jan-march-18-2015-03-18-737-pm#t=0m14s,OpenEdmonton,strathcona
"Jan March 18 - 2015 - 03 - 18, 7.37 PM",Jan,529185,4460,http://soundcloud.com/openedmonton/jan-march-18-2015-03-18-737-pm#t=0m4s,OpenEdmonton,art
"Jan March 18 - 2015 - 03 - 18, 7.37 PM",Jan,529185,4460,http://soundcloud.com/openedmonton/jan-march-18-2015-03-18-737-pm#t=0m4s,OpenEdmonton,recycled
"Dielius March 4 - 2015 - 03 - 04, 6.11 PM",Dielius,364101,84142,http://soundcloud.com/openedmonton/dielius-march-4-2015-03-04-611-pm#t=1m24s,cmoresid,japan
"Dielius March 4 - 2015 - 03 - 04, 6.11 PM",Dielius,364101,84142,http://soundcloud.com/openedmonton/dielius-march-4-2015-03-04-611-pm#t=1m24s,cmoresid,anime
"Dielius March 4 - 2015 - 03 - 04, 6.11 PM",Dielius,364101,312304,http://soundcloud.com/openedmonton/dielius-march-4-2015-03-04-611-pm#t=5m12s,cmoresid,ihuman edmonton
"Dielius March 4 - 2015 - 03 - 04, 6.11 PM",Dielius,364101,266354,http://soundcloud.com/openedmonton/dielius-march-4-2015-03-04-611-pm#t=4m26s,cmoresid,edmonton direction
"Dielius March 4 - 2015 - 03 - 04, 6.11 PM",Dielius,364101,156852,http://soundcloud.com/openedmonton/dielius-march-4-2015-03-04-611-pm#t=2m36s,cmoresid,snow valley
"Dielius March 4 - 2015 - 03 - 04, 6.11 PM",Dielius,364101,139981,http://soundcloud.com/openedmonton/dielius-march-4-2015-03-04-611-pm#t=2m19s,cmoresid,hockey
"Dielius March 4 - 2015 - 03 - 04, 6.11 PM",Dielius,364101,139981,http://soundcloud.com/openedmonton/dielius-march-4-2015-03-04-611-pm#t=2m19s,cmoresid,snowboarding
"Dielius March 4 - 2015 - 03 - 04, 6.11 PM",Dielius,364101,132854,http://soundcloud.com/openedmonton/dielius-march-4-2015-03-04-611-pm#t=2m12s,cmoresid,winter
"Dielius March 4 - 2015 - 03 - 04, 6.11 PM",Dielius,364101,108403,http://soundcloud.com/openedmonton/dielius-march-4-2015-03-04-611-pm#t=1m48s,cmoresid,work
"Dielius March 4 - 2015 - 03 - 04, 6.11 PM",Dielius,364101,86420,http://soundcloud.com/openedmonton/dielius-march-4-2015-03-04-611-pm#t=1m26s,cmoresid,wanderlust
"Dielius March 4 - 2015 - 03 - 04, 6.11 PM",Dielius,364101,27815,http://soundcloud.com/openedmonton/dielius-march-4-2015-03-04-611-pm#t=0m27s,cmoresid,reading
"Dielius March 4 - 2015 - 03 - 04, 6.11 PM",Dielius,364101,16042,http://soundcloud.com/openedmonton/dielius-march-4-2015-03-04-611-pm#t=0m16s,cmoresid,library
"Dielius March 4 - 2015 - 03 - 04, 6.11 PM",Dielius,364101,16042,http://soundcloud.com/openedmonton/dielius-march-4-2015-03-04-611-pm#t=0m16s,cmoresid,waste time
"Mack - 2015 - 03 - 11, 6.24 PM",Mack,628747,500760,http://soundcloud.com/openedmonton/mack-2015-03-11-624-pm#t=8m20s,fahim hassan,mack
"Mack - 2015 - 03 - 11, 6.24 PM",Mack,628747,500760,http://soundcloud.com/openedmonton/mack-2015-03-11-624-pm#t=8m20s,fahim hassan,memories
"Mack - 2015 - 03 - 11, 6.24 PM",Mack,628747,500760,http://soundcloud.com/openedmonton/mack-2015-03-11-624-pm#t=8m20s,fahim hassan,Edmonton
"Mack - 2015 - 03 - 11, 6.24 PM",Mack,628747,347423,http://soundcloud.com/openedmonton/mack-2015-03-11-624-pm#t=5m47s,fahim hassan,mack
"Mack - 2015 - 03 - 11, 6.24 PM",Mack,628747,347423,http://soundcloud.com/openedmonton/mack-2015-03-11-624-pm#t=5m47s,fahim hassan,inspiration
"Mack - 2015 - 03 - 11, 6.24 PM",Mack,628747,347423,http://soundcloud.com/openedmonton/mack-2015-03-11-624-pm#t=5m47s,fahim hassan,wife
"Mack - 2015 - 03 - 11, 6.24 PM",Mack,628747,264660,http://soundcloud.com/openedmonton/mack-2015-03-11-624-pm#t=4m24s,fahim hassan,mack
"Mack - 2015 - 03 - 11, 6.24 PM",Mack,628747,264660,http://soundcloud.com/openedmonton/mack-2015-03-11-624-pm#t=4m24s,fahim hassan,what the truck
"Mack - 2015 - 03 - 11, 6.24 PM",Mack,628747,169436,http://soundcloud.com/openedmonton/mack-2015-03-11-624-pm#t=2m49s,fahim hassan,mack
"Mack - 2015 - 03 - 11, 6.24 PM",Mack,628747,169436,http://soundcloud.com/openedmonton/mack-2015-03-11-624-pm#t=2m49s,fahim hassan,work-life
"Mack - 2015 - 03 - 11, 6.24 PM",Mack,628747,169436,http://soundcloud.com/openedmonton/mack-2015-03-11-624-pm#t=2m49s,fahim hassan,balance
"Mack - 2015 - 03 - 11, 6.24 PM",Mack,628747,82720,http://soundcloud.com/openedmonton/mack-2015-03-11-624-pm#t=1m22s,fahim hassan,mack
"Mack - 2015 - 03 - 11, 6.24 PM",Mack,628747,82720,http://soundcloud.com/openedmonton/mack-2015-03-11-624-pm#t=1m22s,fahim hassan,blog
"Mack - 2015 - 03 - 11, 6.24 PM",Mack,628747,32089,http://soundcloud.com/openedmonton/mack-2015-03-11-624-pm#t=0m32s,fahim hassan,Mack
"Mack - 2015 - 03 - 11, 6.24 PM",Mack,628747,32089,http://soundcloud.com/openedmonton/mack-2015-03-11-624-pm#t=0m32s,fahim hassan,makerspace
"Anne S March 4 - 2015 - 03 - 04, 6.25 PM",Anne S,365696,179710,http://soundcloud.com/openedmonton/anne-s-march-4-2015-03-04-625-pm#t=2m59s,fahim hassan,Winnipeg
"Anne S March 4 - 2015 - 03 - 04, 6.25 PM",Anne S,365696,222679,http://soundcloud.com/openedmonton/anne-s-march-4-2015-03-04-625-pm#t=3m42s,fahim hassan,winter city
"Anne S March 4 - 2015 - 03 - 04, 6.25 PM",Anne S,365696,222679,http://soundcloud.com/openedmonton/anne-s-march-4-2015-03-04-625-pm#t=3m42s,fahim hassan,positive
"Anne S March 4 - 2015 - 03 - 04, 6.25 PM",Anne S,365696,46648,http://soundcloud.com/openedmonton/anne-s-march-4-2015-03-04-625-pm#t=0m46s,fahim hassan,memory
"Anne S March 4 - 2015 - 03 - 04, 6.25 PM",Anne S,365696,259242,http://soundcloud.com/openedmonton/anne-s-march-4-2015-03-04-625-pm#t=4m19s,cmoresid,winter city market
"Anne S March 4 - 2015 - 03 - 04, 6.25 PM",Anne S,365696,236278,http://soundcloud.com/openedmonton/anne-s-march-4-2015-03-04-625-pm#t=3m56s,cmoresid,winter activities
"Anne S March 4 - 2015 - 03 - 04, 6.25 PM",Anne S,365696,155612,http://soundcloud.com/openedmonton/anne-s-march-4-2015-03-04-625-pm#t=2m35s,cmoresid,winter
"Anne S March 4 - 2015 - 03 - 04, 6.25 PM",Anne S,365696,155612,http://soundcloud.com/openedmonton/anne-s-march-4-2015-03-04-625-pm#t=2m35s,cmoresid,grandparents
"Anne S March 4 - 2015 - 03 - 04, 6.25 PM",Anne S,365696,134762,http://soundcloud.com/openedmonton/anne-s-march-4-2015-03-04-625-pm#t=2m14s,cmoresid,deep freeze festival
"Anne S March 4 - 2015 - 03 - 04, 6.25 PM",Anne S,365696,134762,http://soundcloud.com/openedmonton/anne-s-march-4-2015-03-04-625-pm#t=2m14s,cmoresid,winter city
"Anne S March 4 - 2015 - 03 - 04, 6.25 PM",Anne S,365696,98076,http://soundcloud.com/openedmonton/anne-s-march-4-2015-03-04-625-pm#t=1m38s,cmoresid,snow
"Anne S March 4 - 2015 - 03 - 04, 6.25 PM",Anne S,365696,46645,http://soundcloud.com/openedmonton/anne-s-march-4-2015-03-04-625-pm#t=0m46s,cmoresid,winter
"Anne S March 4 - 2015 - 03 - 04, 6.25 PM",Anne S,365696,46645,http://soundcloud.com/openedmonton/anne-s-march-4-2015-03-04-625-pm#t=0m46s,cmoresid,memories
"Anne S March 4 - 2015 - 03 - 04, 6.25 PM",Anne S,365696,10772,http://soundcloud.com/openedmonton/anne-s-march-4-2015-03-04-625-pm#t=0m10s,cmoresid,edmonton
"Anne S March 4 - 2015 - 03 - 04, 6.25 PM",Anne S,365696,10772,http://soundcloud.com/openedmonton/anne-s-march-4-2015-03-04-625-pm#t=0m10s,cmoresid,born and raised
"Anne S March 4 - 2015 - 03 - 04, 6.25 PM",Anne S,365696,319984,http://soundcloud.com/openedmonton/anne-s-march-4-2015-03-04-625-pm#t=5m19s,OpenEdmonton,A victim of Urban Sprawl
"Anne S March 4 - 2015 - 03 - 04, 6.25 PM",Anne S,365696,293537,http://soundcloud.com/openedmonton/anne-s-march-4-2015-03-04-625-pm#t=4m53s,OpenEdmonton,Anne talks about Hawrelak Park ice skating
"Nathan H March 4 - 2015 - 03 - 04, 6.37 PM",Nathan H,172476,153494,http://soundcloud.com/openedmonton/nathan-h-march-4-2015-03-04-637-pm#t=2m33s,fahim hassan,fun
"Nathan H March 4 - 2015 - 03 - 04, 6.37 PM",Nathan H,172476,153494,http://soundcloud.com/openedmonton/nathan-h-march-4-2015-03-04-637-pm#t=2m33s,fahim hassan,snow
"Nathan H March 4 - 2015 - 03 - 04, 6.37 PM",Nathan H,172476,153494,http://soundcloud.com/openedmonton/nathan-h-march-4-2015-03-04-637-pm#t=2m33s,fahim hassan,winter
"Nathan H March 4 - 2015 - 03 - 04, 6.37 PM",Nathan H,172476,39657,http://soundcloud.com/openedmonton/nathan-h-march-4-2015-03-04-637-pm#t=0m39s,fahim hassan,snowball fight
"Nathan H March 4 - 2015 - 03 - 04, 6.37 PM",Nathan H,172476,39657,http://soundcloud.com/openedmonton/nathan-h-march-4-2015-03-04-637-pm#t=0m39s,fahim hassan,winter
"Nathan H March 4 - 2015 - 03 - 04, 6.37 PM",Nathan H,172476,39657,http://soundcloud.com/openedmonton/nathan-h-march-4-2015-03-04-637-pm#t=0m39s,fahim hassan,snow fort
"Nathan H March 4 - 2015 - 03 - 04, 6.37 PM",Nathan H,172476,16029,http://soundcloud.com/openedmonton/nathan-h-march-4-2015-03-04-637-pm#t=0m16s,fahim hassan,snow fort
"Nathan H March 4 - 2015 - 03 - 04, 6.37 PM",Nathan H,172476,14059,http://soundcloud.com/openedmonton/nathan-h-march-4-2015-03-04-637-pm#t=0m14s,fahim hassan,Christmas
"Kate - 2015 - 03 - 04, 7.19 PM",Kate,628642,525841,http://soundcloud.com/openedmonton/kate-2015-03-04-719-pm#t=8m45s,fahim hassan,winter city
"Kate - 2015 - 03 - 04, 7.19 PM",Kate,628642,525841,http://soundcloud.com/openedmonton/kate-2015-03-04-719-pm#t=8m45s,fahim hassan,outside
"Kate - 2015 - 03 - 04, 7.19 PM",Kate,628642,441635,http://soundcloud.com/openedmonton/kate-2015-03-04-719-pm#t=7m21s,fahim hassan,winter
"Kate - 2015 - 03 - 04, 7.19 PM",Kate,628642,441635,http://soundcloud.com/openedmonton/kate-2015-03-04-719-pm#t=7m21s,fahim hassan,parents
"Kate - 2015 - 03 - 04, 7.19 PM",Kate,628642,441635,http://soundcloud.com/openedmonton/kate-2015-03-04-719-pm#t=7m21s,fahim hassan,grand parents
"Kate - 2015 - 03 - 04, 7.19 PM",Kate,628642,398564,http://soundcloud.com/openedmonton/kate-2015-03-04-719-pm#t=6m38s,fahim hassan,frustrating
"Kate - 2015 - 03 - 04, 7.19 PM",Kate,628642,286748,http://soundcloud.com/openedmonton/kate-2015-03-04-719-pm#t=4m46s,fahim hassan,snow ploughing
"Kate - 2015 - 03 - 04, 7.19 PM",Kate,628642,128150,http://soundcloud.com/openedmonton/kate-2015-03-04-719-pm#t=2m8s,fahim hassan,cold
"Kate - 2015 - 03 - 04, 7.19 PM",Kate,628642,128150,http://soundcloud.com/openedmonton/kate-2015-03-04-719-pm#t=2m8s,fahim hassan,snow
"Kate - 2015 - 03 - 04, 7.19 PM",Kate,628642,128150,http://soundcloud.com/openedmonton/kate-2015-03-04-719-pm#t=2m8s,fahim hassan,winter
"Kate - 2015 - 03 - 04, 7.19 PM",Kate,628642,70680,http://soundcloud.com/openedmonton/kate-2015-03-04-719-pm#t=1m10s,fahim hassan,memory
"Kate - 2015 - 03 - 04, 7.19 PM",Kate,628642,10540,http://soundcloud.com/openedmonton/kate-2015-03-04-719-pm#t=0m10s,fahim hassan,relationship
"David - 2015 - 03 - 11, 8.01 PM",David,415620,339845,http://soundcloud.com/openedmonton/david-2015-03-11-801-pm#t=5m39s,OpenEdmonton,mom
"David - 2015 - 03 - 11, 8.01 PM",David,415620,339845,http://soundcloud.com/openedmonton/david-2015-03-11-801-pm#t=5m39s,OpenEdmonton,music
"David - 2015 - 03 - 11, 8.01 PM",David,415620,339845,http://soundcloud.com/openedmonton/david-2015-03-11-801-pm#t=5m39s,OpenEdmonton,broadway
"David - 2015 - 03 - 11, 8.01 PM",David,415620,282064,http://soundcloud.com/openedmonton/david-2015-03-11-801-pm#t=4m42s,OpenEdmonton,river valley
"David - 2015 - 03 - 11, 8.01 PM",David,415620,282064,http://soundcloud.com/openedmonton/david-2015-03-11-801-pm#t=4m42s,OpenEdmonton,walk
"David - 2015 - 03 - 11, 8.01 PM",David,415620,282064,http://soundcloud.com/openedmonton/david-2015-03-11-801-pm#t=4m42s,OpenEdmonton,government house
"David - 2015 - 03 - 11, 8.01 PM",David,415620,282064,http://soundcloud.com/openedmonton/david-2015-03-11-801-pm#t=4m42s,OpenEdmonton,ravine
"David - 2015 - 03 - 11, 8.01 PM",David,415620,282064,http://soundcloud.com/openedmonton/david-2015-03-11-801-pm#t=4m42s,OpenEdmonton,glenora
"David - 2015 - 03 - 11, 8.01 PM",David,415620,282064,http://soundcloud.com/openedmonton/david-2015-03-11-801-pm#t=4m42s,OpenEdmonton,
"David - 2015 - 03 - 11, 8.01 PM",David,415620,230364,http://soundcloud.com/openedmonton/david-2015-03-11-801-pm#t=3m50s,OpenEdmonton,frustrated
"David - 2015 - 03 - 11, 8.01 PM",David,415620,186268,http://soundcloud.com/openedmonton/david-2015-03-11-801-pm#t=3m6s,OpenEdmonton,@openedmonton: magic
"David - 2015 - 03 - 11, 8.01 PM",David,415620,186268,http://soundcloud.com/openedmonton/david-2015-03-11-801-pm#t=3m6s,OpenEdmonton,mom
"David - 2015 - 03 - 11, 8.01 PM",David,415620,186268,http://soundcloud.com/openedmonton/david-2015-03-11-801-pm#t=3m6s,OpenEdmonton,story
"David - 2015 - 03 - 11, 8.01 PM",David,415620,186268,http://soundcloud.com/openedmonton/david-2015-03-11-801-pm#t=3m6s,OpenEdmonton,visit
"David - 2015 - 03 - 11, 8.01 PM",David,415620,186268,http://soundcloud.com/openedmonton/david-2015-03-11-801-pm#t=3m6s,OpenEdmonton,paddy's
"David - 2015 - 03 - 11, 8.01 PM",David,415620,186268,http://soundcloud.com/openedmonton/david-2015-03-11-801-pm#t=3m6s,OpenEdmonton,credo
"David - 2015 - 03 - 11, 8.01 PM",David,415620,186268,http://soundcloud.com/openedmonton/david-2015-03-11-801-pm#t=3m6s,OpenEdmonton,canteen
"David - 2015 - 03 - 11, 8.01 PM",David,415620,186268,http://soundcloud.com/openedmonton/david-2015-03-11-801-pm#t=3m6s,OpenEdmonton,cooking lake
"David - 2015 - 03 - 11, 8.01 PM",David,415620,105678,http://soundcloud.com/openedmonton/david-2015-03-11-801-pm#t=1m45s,OpenEdmonton,lutheran
"David - 2015 - 03 - 11, 8.01 PM",David,415620,105678,http://soundcloud.com/openedmonton/david-2015-03-11-801-pm#t=1m45s,OpenEdmonton,school
"David - 2015 - 03 - 11, 8.01 PM",David,415620,105678,http://soundcloud.com/openedmonton/david-2015-03-11-801-pm#t=1m45s,OpenEdmonton,money
"David - 2015 - 03 - 11, 8.01 PM",David,415620,68678,http://soundcloud.com/openedmonton/david-2015-03-11-801-pm#t=1m8s,OpenEdmonton,church
"David - 2015 - 03 - 11, 8.01 PM",David,415620,68678,http://soundcloud.com/openedmonton/david-2015-03-11-801-pm#t=1m8s,OpenEdmonton,social network
"David - 2015 - 03 - 11, 8.01 PM",David,415620,15965,http://soundcloud.com/openedmonton/david-2015-03-11-801-pm#t=0m15s,OpenEdmonton,mother
"David - 2015 - 03 - 11, 8.01 PM",David,415620,15965,http://soundcloud.com/openedmonton/david-2015-03-11-801-pm#t=0m15s,OpenEdmonton,mom
"David - 2015 - 03 - 11, 8.01 PM",David,415620,15965,http://soundcloud.com/openedmonton/david-2015-03-11-801-pm#t=0m15s,OpenEdmonton,music
"David - 2015 - 03 - 11, 8.01 PM",David,415620,15965,http://soundcloud.com/openedmonton/david-2015-03-11-801-pm#t=0m15s,OpenEdmonton,lutheran
"Kate G March 11 - 2015 - 03 - 11, 6.31 PM",Kate G,486079,424275,http://soundcloud.com/openedmonton/kate-g-march-11-2015-03-11-631-pm#t=7m4s,OpenEdmonton,youth council
"Kate G March 11 - 2015 - 03 - 11, 6.31 PM",Kate G,486079,424275,http://soundcloud.com/openedmonton/kate-g-march-11-2015-03-11-631-pm#t=7m4s,OpenEdmonton,women
"Kate G March 11 - 2015 - 03 - 11, 6.31 PM",Kate G,486079,424275,http://soundcloud.com/openedmonton/kate-g-march-11-2015-03-11-631-pm#t=7m4s,OpenEdmonton,WAVE
"Kate G March 11 - 2015 - 03 - 11, 6.31 PM",Kate G,486079,334103,http://soundcloud.com/openedmonton/kate-g-march-11-2015-03-11-631-pm#t=5m34s,OpenEdmonton,international
"Kate G March 11 - 2015 - 03 - 11, 6.31 PM",Kate G,486079,334103,http://soundcloud.com/openedmonton/kate-g-march-11-2015-03-11-631-pm#t=5m34s,OpenEdmonton,women
"Kate G March 11 - 2015 - 03 - 11, 6.31 PM",Kate G,486079,334103,http://soundcloud.com/openedmonton/kate-g-march-11-2015-03-11-631-pm#t=5m34s,OpenEdmonton,statue
"Kate G March 11 - 2015 - 03 - 11, 6.31 PM",Kate G,486079,334103,http://soundcloud.com/openedmonton/kate-g-march-11-2015-03-11-631-pm#t=5m34s,OpenEdmonton,city hall
"Kate G March 11 - 2015 - 03 - 11, 6.31 PM",Kate G,486079,334103,http://soundcloud.com/openedmonton/kate-g-march-11-2015-03-11-631-pm#t=5m34s,OpenEdmonton,Ukranian
"Kate G March 11 - 2015 - 03 - 11, 6.31 PM",Kate G,486079,334103,http://soundcloud.com/openedmonton/kate-g-march-11-2015-03-11-631-pm#t=5m34s,OpenEdmonton,women
"Kate G March 11 - 2015 - 03 - 11, 6.31 PM",Kate G,486079,292551,http://soundcloud.com/openedmonton/kate-g-march-11-2015-03-11-631-pm#t=4m52s,OpenEdmonton,city hall
"Kate G March 11 - 2015 - 03 - 11, 6.31 PM",Kate G,486079,292551,http://soundcloud.com/openedmonton/kate-g-march-11-2015-03-11-631-pm#t=4m52s,OpenEdmonton,women
"Kate G March 11 - 2015 - 03 - 11, 6.31 PM",Kate G,486079,207769,http://soundcloud.com/openedmonton/kate-g-march-11-2015-03-11-631-pm#t=3m27s,OpenEdmonton,africa centre
"Kate G March 11 - 2015 - 03 - 11, 6.31 PM",Kate G,486079,207769,http://soundcloud.com/openedmonton/kate-g-march-11-2015-03-11-631-pm#t=3m27s,OpenEdmonton,women
"Kate G March 11 - 2015 - 03 - 11, 6.31 PM",Kate G,486079,207769,http://soundcloud.com/openedmonton/kate-g-march-11-2015-03-11-631-pm#t=3m27s,OpenEdmonton,Mandel
"Kate G March 11 - 2015 - 03 - 11, 6.31 PM",Kate G,486079,207769,http://soundcloud.com/openedmonton/kate-g-march-11-2015-03-11-631-pm#t=3m27s,OpenEdmonton,symposium
"Kate G March 11 - 2015 - 03 - 11, 6.31 PM",Kate G,486079,207769,http://soundcloud.com/openedmonton/kate-g-march-11-2015-03-11-631-pm#t=3m27s,OpenEdmonton,women
"Kate G March 11 - 2015 - 03 - 11, 6.31 PM",Kate G,486079,147898,http://soundcloud.com/openedmonton/kate-g-march-11-2015-03-11-631-pm#t=2m27s,OpenEdmonton,childcare
"Kate G March 11 - 2015 - 03 - 11, 6.31 PM",Kate G,486079,147898,http://soundcloud.com/openedmonton/kate-g-march-11-2015-03-11-631-pm#t=2m27s,OpenEdmonton,engagement
"Kate G March 11 - 2015 - 03 - 11, 6.31 PM",Kate G,486079,68458,http://soundcloud.com/openedmonton/kate-g-march-11-2015-03-11-631-pm#t=1m8s,OpenEdmonton,WAVE
"Kate G March 11 - 2015 - 03 - 11, 6.31 PM",Kate G,486079,68458,http://soundcloud.com/openedmonton/kate-g-march-11-2015-03-11-631-pm#t=1m8s,OpenEdmonton,women's
"Kate G March 11 - 2015 - 03 - 11, 6.31 PM",Kate G,486079,68458,http://soundcloud.com/openedmonton/kate-g-march-11-2015-03-11-631-pm#t=1m8s,OpenEdmonton,advocacy
"Kate G March 11 - 2015 - 03 - 11, 6.31 PM",Kate G,486079,68458,http://soundcloud.com/openedmonton/kate-g-march-11-2015-03-11-631-pm#t=1m8s,OpenEdmonton,voice
"Kate G March 11 - 2015 - 03 - 11, 6.31 PM",Kate G,486079,20442,http://soundcloud.com/openedmonton/kate-g-march-11-2015-03-11-631-pm#t=0m20s,OpenEdmonton,@openedmonton: esslinger
"Kate G March 11 - 2015 - 03 - 11, 6.31 PM",Kate G,486079,20442,http://soundcloud.com/openedmonton/kate-g-march-11-2015-03-11-631-pm#t=0m20s,OpenEdmonton,women's initiative
"Kate G March 11 - 2015 - 03 - 11, 6.31 PM",Kate G,486079,20442,http://soundcloud.com/openedmonton/kate-g-march-11-2015-03-11-631-pm#t=0m20s,OpenEdmonton,women
"Jon K March 4 - 2015 - 03 - 04, 5.37 PM",Jon K,884379,826090,http://soundcloud.com/openedmonton/jon-k-march-4-2015-03-04-537-pm#t=13m46s,cmoresid,jewish
"Jon K March 4 - 2015 - 03 - 04, 5.37 PM",Jon K,884379,826090,http://soundcloud.com/openedmonton/jon-k-march-4-2015-03-04-537-pm#t=13m46s,cmoresid,edmonton
"Jon K March 4 - 2015 - 03 - 04, 5.37 PM",Jon K,884379,784365,http://soundcloud.com/openedmonton/jon-k-march-4-2015-03-04-537-pm#t=13m4s,cmoresid,west edmonton mall
"Jon K March 4 - 2015 - 03 - 04, 5.37 PM",Jon K,884379,752253,http://soundcloud.com/openedmonton/jon-k-march-4-2015-03-04-537-pm#t=12m32s,cmoresid,volunteer
"Jon K March 4 - 2015 - 03 - 04, 5.37 PM",Jon K,884379,733387,http://soundcloud.com/openedmonton/jon-k-march-4-2015-03-04-537-pm#t=12m13s,cmoresid,winnipeg
"Jon K March 4 - 2015 - 03 - 04, 5.37 PM",Jon K,884379,644752,http://soundcloud.com/openedmonton/jon-k-march-4-2015-03-04-537-pm#t=10m44s,cmoresid,c-train
"Jon K March 4 - 2015 - 03 - 04, 5.37 PM",Jon K,884379,579947,http://soundcloud.com/openedmonton/jon-k-march-4-2015-03-04-537-pm#t=9m39s,cmoresid,northgate mall
"Jon K March 4 - 2015 - 03 - 04, 5.37 PM",Jon K,884379,516757,http://soundcloud.com/openedmonton/jon-k-march-4-2015-03-04-537-pm#t=8m36s,cmoresid,movie theatres
"Jon K March 4 - 2015 - 03 - 04, 5.37 PM",Jon K,884379,473731,http://soundcloud.com/openedmonton/jon-k-march-4-2015-03-04-537-pm#t=7m53s,cmoresid,river valley
"Jon K March 4 - 2015 - 03 - 04, 5.37 PM",Jon K,884379,452903,http://soundcloud.com/openedmonton/jon-k-march-4-2015-03-04-537-pm#t=7m32s,cmoresid,edmonton vs calgary
"Jon K March 4 - 2015 - 03 - 04, 5.37 PM",Jon K,884379,392088,http://soundcloud.com/openedmonton/jon-k-march-4-2015-03-04-537-pm#t=6m32s,cmoresid,medieval feast
"Jon K March 4 - 2015 - 03 - 04, 5.37 PM",Jon K,884379,320897,http://soundcloud.com/openedmonton/jon-k-march-4-2015-03-04-537-pm#t=5m20s,cmoresid,volunteer
"Jon K March 4 - 2015 - 03 - 04, 5.37 PM",Jon K,884379,305044,http://soundcloud.com/openedmonton/jon-k-march-4-2015-03-04-537-pm#t=5m5s,cmoresid,winter capital
"Jon K March 4 - 2015 - 03 - 04, 5.37 PM",Jon K,884379,239735,http://soundcloud.com/openedmonton/jon-k-march-4-2015-03-04-537-pm#t=3m59s,cmoresid,changing
"Jon K March 4 - 2015 - 03 - 04, 5.37 PM",Jon K,884379,239735,http://soundcloud.com/openedmonton/jon-k-march-4-2015-03-04-537-pm#t=3m59s,cmoresid,winter
"Jon K March 4 - 2015 - 03 - 04, 5.37 PM",Jon K,884379,195840,http://soundcloud.com/openedmonton/jon-k-march-4-2015-03-04-537-pm#t=3m15s,cmoresid,growing up
"Jon K March 4 - 2015 - 03 - 04, 5.37 PM",Jon K,884379,180075,http://soundcloud.com/openedmonton/jon-k-march-4-2015-03-04-537-pm#t=3m0s,cmoresid,go train
"Jon K March 4 - 2015 - 03 - 04, 5.37 PM",Jon K,884379,91358,http://soundcloud.com/openedmonton/jon-k-march-4-2015-03-04-537-pm#t=1m31s,cmoresid,hockey
"Jon K March 4 - 2015 - 03 - 04, 5.37 PM",Jon K,884379,68849,http://soundcloud.com/openedmonton/jon-k-march-4-2015-03-04-537-pm#t=1m8s,cmoresid,transportation
"Jon K March 4 - 2015 - 03 - 04, 5.37 PM",Jon K,884379,61232,http://soundcloud.com/openedmonton/jon-k-march-4-2015-03-04-537-pm#t=1m1s,cmoresid,winter
"Yuliana - 2015 - 03 - 11, 7.31 PM",Yuliana,301323,212536,http://soundcloud.com/openedmonton/yuliana-2015-03-11-731-pm#t=3m32s,OpenEdmonton,acting
"Yuliana - 2015 - 03 - 11, 7.31 PM",Yuliana,301323,212536,http://soundcloud.com/openedmonton/yuliana-2015-03-11-731-pm#t=3m32s,OpenEdmonton,river valley
"Yuliana - 2015 - 03 - 11, 7.31 PM",Yuliana,301323,169775,http://soundcloud.com/openedmonton/yuliana-2015-03-11-731-pm#t=2m49s,OpenEdmonton,mom
"Yuliana - 2015 - 03 - 11, 7.31 PM",Yuliana,301323,169775,http://soundcloud.com/openedmonton/yuliana-2015-03-11-731-pm#t=2m49s,OpenEdmonton,arts
"Yuliana - 2015 - 03 - 11, 7.31 PM",Yuliana,301323,169775,http://soundcloud.com/openedmonton/yuliana-2015-03-11-731-pm#t=2m49s,OpenEdmonton,citadel
"Yuliana - 2015 - 03 - 11, 7.31 PM",Yuliana,301323,169775,http://soundcloud.com/openedmonton/yuliana-2015-03-11-731-pm#t=2m49s,OpenEdmonton,Cafe de Ville
"Yuliana - 2015 - 03 - 11, 7.31 PM",Yuliana,301323,131268,http://soundcloud.com/openedmonton/yuliana-2015-03-11-731-pm#t=2m11s,OpenEdmonton,mom
"Yuliana - 2015 - 03 - 11, 7.31 PM",Yuliana,301323,131268,http://soundcloud.com/openedmonton/yuliana-2015-03-11-731-pm#t=2m11s,OpenEdmonton,rolemodel
"Yuliana - 2015 - 03 - 11, 7.31 PM",Yuliana,301323,113240,http://soundcloud.com/openedmonton/yuliana-2015-03-11-731-pm#t=1m53s,OpenEdmonton,women
"Yuliana - 2015 - 03 - 11, 7.31 PM",Yuliana,301323,113240,http://soundcloud.com/openedmonton/yuliana-2015-03-11-731-pm#t=1m53s,OpenEdmonton,actress
"Yuliana - 2015 - 03 - 11, 7.31 PM",Yuliana,301323,113240,http://soundcloud.com/openedmonton/yuliana-2015-03-11-731-pm#t=1m53s,OpenEdmonton,citadel
"Yuliana - 2015 - 03 - 11, 7.31 PM",Yuliana,301323,79431,http://soundcloud.com/openedmonton/yuliana-2015-03-11-731-pm#t=1m19s,OpenEdmonton,women
"Yuliana - 2015 - 03 - 11, 7.31 PM",Yuliana,301323,48574,http://soundcloud.com/openedmonton/yuliana-2015-03-11-731-pm#t=0m48s,OpenEdmonton,acting
"Yuliana - 2015 - 03 - 11, 7.31 PM",Yuliana,301323,16352,http://soundcloud.com/openedmonton/yuliana-2015-03-11-731-pm#t=0m16s,OpenEdmonton,@openedmonton: Citadel
"Yuliana - 2015 - 03 - 11, 7.31 PM",Yuliana,301323,16352,http://soundcloud.com/openedmonton/yuliana-2015-03-11-731-pm#t=0m16s,OpenEdmonton,downtown
"Danielle March 25 - 2015 - 03 - 25, 6.08 PM",Danielle,927486,842654,http://soundcloud.com/openedmonton/danielle-march-25-2015-03-25-608-pm#t=14m2s,OpenEdmonton,Oops
"Danielle March 25 - 2015 - 03 - 25, 6.08 PM",Danielle,927486,842654,http://soundcloud.com/openedmonton/danielle-march-25-2015-03-25-608-pm#t=14m2s,OpenEdmonton,this is from a previous interview with Alf
Helen March 25,Helen,1444680,1399950,http://soundcloud.com/openedmonton/helen-march-25#t=23m19s,acecarruthers,stealing
Helen March 25,Helen,1444680,1370874,http://soundcloud.com/openedmonton/helen-march-25#t=22m50s,acecarruthers,Palaces Sweets
Helen March 25,Helen,1444680,1320557,http://soundcloud.com/openedmonton/helen-march-25#t=22m0s,acecarruthers,Halloween
Helen March 25,Helen,1444680,1292508,http://soundcloud.com/openedmonton/helen-march-25#t=21m32s,acecarruthers,Eddie McDougal
Helen March 25,Helen,1444680,1265286,http://soundcloud.com/openedmonton/helen-march-25#t=21m5s,acecarruthers,Fraternities
Helen March 25,Helen,1444680,1232935,http://soundcloud.com/openedmonton/helen-march-25#t=20m32s,acecarruthers,The Bay
Helen March 25,Helen,1444680,1216852,http://soundcloud.com/openedmonton/helen-march-25#t=20m16s,acecarruthers,Masonic temple
Helen March 25,Helen,1444680,1179548,http://soundcloud.com/openedmonton/helen-march-25#t=19m39s,acecarruthers,Waffle house
Helen March 25,Helen,1444680,1137686,http://soundcloud.com/openedmonton/helen-march-25#t=18m57s,acecarruthers,Eatons
Helen March 25,Helen,1444680,1094492,http://soundcloud.com/openedmonton/helen-march-25#t=18m14s,acecarruthers,welfare
Helen March 25,Helen,1444680,1036596,http://soundcloud.com/openedmonton/helen-march-25#t=17m16s,acecarruthers,Bicycling
Helen March 25,Helen,1444680,1036596,http://soundcloud.com/openedmonton/helen-march-25#t=17m16s,acecarruthers,McNally School
Helen March 25,Helen,1444680,1036596,http://soundcloud.com/openedmonton/helen-march-25#t=17m16s,acecarruthers,Forest Heights
Helen March 25,Helen,1444680,1021331,http://soundcloud.com/openedmonton/helen-march-25#t=17m1s,acecarruthers,toboggoning
Helen March 25,Helen,1444680,985048,http://soundcloud.com/openedmonton/helen-march-25#t=16m25s,acecarruthers,McKay Avenue School
Helen March 25,Helen,1444680,988017,http://soundcloud.com/openedmonton/helen-march-25#t=16m28s,acecarruthers,1975
Helen March 25,Helen,1444680,908907,http://soundcloud.com/openedmonton/helen-march-25#t=15m8s,acecarruthers,Meadowlark
Helen March 25,Helen,1444680,887096,http://soundcloud.com/openedmonton/helen-march-25#t=14m47s,acecarruthers,saskatoon berries
Helen March 25,Helen,1444680,880790,http://soundcloud.com/openedmonton/helen-march-25#t=14m40s,acecarruthers,chokecherries
Helen March 25,Helen,1444680,871630,http://soundcloud.com/openedmonton/helen-march-25#t=14m31s,acecarruthers,Queen Elizabeth Park
Helen March 25,Helen,1444680,873578,http://soundcloud.com/openedmonton/helen-march-25#t=14m33s,acecarruthers,Doreen Ryan
Helen March 25,Helen,1444680,859426,http://soundcloud.com/openedmonton/helen-march-25#t=14m19s,acecarruthers,Speedskating
Helen March 25,Helen,1444680,829557,http://soundcloud.com/openedmonton/helen-march-25#t=13m49s,acecarruthers,Skating Oval
Helen March 25,Helen,1444680,829557,http://soundcloud.com/openedmonton/helen-march-25#t=13m49s,acecarruthers,Queen Elizabeth Swimming Pool
Helen March 25,Helen,1444680,811135,http://soundcloud.com/openedmonton/helen-march-25#t=13m31s,acecarruthers,Walterdale Bridge
Helen March 25,Helen,1444680,765903,http://soundcloud.com/openedmonton/helen-march-25#t=12m45s,acecarruthers,River Valley
Helen March 25,Helen,1444680,756815,http://soundcloud.com/openedmonton/helen-march-25#t=12m36s,acecarruthers,Paramount Theatre
Helen March 25,Helen,1444680,746461,http://soundcloud.com/openedmonton/helen-march-25#t=12m26s,acecarruthers,Sunshine Singers
Helen March 25,Helen,1444680,713677,http://soundcloud.com/openedmonton/helen-march-25#t=11m53s,acecarruthers,CJCA
Helen March 25,Helen,1444680,701525,http://soundcloud.com/openedmonton/helen-march-25#t=11m41s,acecarruthers,Van Gogh Garden
Helen March 25,Helen,1444680,690725,http://soundcloud.com/openedmonton/helen-march-25#t=11m30s,acecarruthers,Enjoy Centre
Helen March 25,Helen,1444680,648441,http://soundcloud.com/openedmonton/helen-march-25#t=10m48s,acecarruthers,St. Albert paper
Helen March 25,Helen,1444680,641199,http://soundcloud.com/openedmonton/helen-march-25#t=10m41s,acecarruthers,Westmount Junior High
Helen March 25,Helen,1444680,635578,http://soundcloud.com/openedmonton/helen-march-25#t=10m35s,acecarruthers,School counsellor
Helen March 25,Helen,1444680,633073,http://soundcloud.com/openedmonton/helen-march-25#t=10m33s,acecarruthers,Masters diploma
Helen March 25,Helen,1444680,630761,http://soundcloud.com/openedmonton/helen-march-25#t=10m30s,acecarruthers,Counselling Psychology
Helen March 25,Helen,1444680,625238,http://soundcloud.com/openedmonton/helen-march-25#t=10m25s,acecarruthers,Social studies
Helen March 25,Helen,1444680,607685,http://soundcloud.com/openedmonton/helen-march-25#t=10m7s,acecarruthers,Bachelor of Education
Helen March 25,Helen,1444680,607685,http://soundcloud.com/openedmonton/helen-march-25#t=10m7s,acecarruthers,105 st
Helen March 25,Helen,1444680,579684,http://soundcloud.com/openedmonton/helen-march-25#t=9m39s,acecarruthers,art gallery
Helen March 25,Helen,1444680,582520,http://soundcloud.com/openedmonton/helen-march-25#t=9m42s,acecarruthers,art
Helen March 25,Helen,1444680,549629,http://soundcloud.com/openedmonton/helen-march-25#t=9m9s,acecarruthers,Stelco
Helen March 25,Helen,1444680,505381,http://soundcloud.com/openedmonton/helen-march-25#t=8m25s,acecarruthers,welfare
Helen March 25,Helen,1444680,538061,http://soundcloud.com/openedmonton/helen-march-25#t=8m58s,acecarruthers,University
Helen March 25,Helen,1444680,444944,http://soundcloud.com/openedmonton/helen-march-25#t=7m24s,acecarruthers,Gavinchuk
Helen March 25,Helen,1444680,445635,http://soundcloud.com/openedmonton/helen-march-25#t=7m25s,acecarruthers,1959
Helen March 25,Helen,1444680,262043,http://soundcloud.com/openedmonton/helen-march-25#t=4m22s,acecarruthers,1954
Helen March 25,Helen,1444680,220710,http://soundcloud.com/openedmonton/helen-march-25#t=3m40s,acecarruthers,McKay Avenue School
Helen March 25,Helen,1444680,210233,http://soundcloud.com/openedmonton/helen-march-25#t=3m30s,acecarruthers,Forest Heights
Helen March 25,Helen,1444680,195313,http://soundcloud.com/openedmonton/helen-march-25#t=3m15s,acecarruthers,sisters
Helen March 25,Helen,1444680,155955,http://soundcloud.com/openedmonton/helen-march-25#t=2m35s,acecarruthers,Christmas
Helen March 25,Helen,1444680,102402,http://soundcloud.com/openedmonton/helen-march-25#t=1m42s,acecarruthers,Mrs. Carter
Helen March 25,Helen,1444680,100780,http://soundcloud.com/openedmonton/helen-march-25#t=1m40s,acecarruthers,Library
Helen March 25,Helen,1444680,89168,http://soundcloud.com/openedmonton/helen-march-25#t=1m29s,acecarruthers,McDougal Church
Helen March 25,Helen,1444680,59268,http://soundcloud.com/openedmonton/helen-march-25#t=0m59s,acecarruthers,McDougal Mansion
Helen March 25,Helen,1444680,44905,http://soundcloud.com/openedmonton/helen-march-25#t=0m44s,acecarruthers,99 ave 103 st
Helen March 25,Helen,1444680,44905,http://soundcloud.com/openedmonton/helen-march-25#t=0m44s,acecarruthers,Ex-Servicemen's Children's Home
Helen March 25,Helen,1444680,33159,http://soundcloud.com/openedmonton/helen-march-25#t=0m33s,acecarruthers,suicide
Helen March 25,Helen,1444680,349642,http://soundcloud.com/openedmonton/helen-march-25#t=5m49s,acecarruthers,Athabasca
Helen March 25,Helen,1444680,349642,http://soundcloud.com/openedmonton/helen-march-25#t=5m49s,acecarruthers,Downtown
"Brooks - 2015 - 04 - 01, 7.44 PM",Brooks,942350,844924,http://soundcloud.com/openedmonton/brooks-2015-04-01-744-pm#t=14m4s,Md Mohib-Ul-Haque Khan,brooks- songs
"Brooks - 2015 - 04 - 01, 7.44 PM",Brooks,942350,810640,http://soundcloud.com/openedmonton/brooks-2015-04-01-744-pm#t=13m30s,Md Mohib-Ul-Haque Khan,restaurants in edmonton
"Brooks - 2015 - 04 - 01, 7.44 PM",Brooks,942350,669748,http://soundcloud.com/openedmonton/brooks-2015-04-01-744-pm#t=11m9s,Md Mohib-Ul-Haque Khan,brooks- coffee in edmonton
"Brooks - 2015 - 04 - 01, 7.44 PM",Brooks,942350,599244,http://soundcloud.com/openedmonton/brooks-2015-04-01-744-pm#t=9m59s,Md Mohib-Ul-Haque Khan,brooks-snow
"Brooks - 2015 - 04 - 01, 7.44 PM",Brooks,942350,558345,http://soundcloud.com/openedmonton/brooks-2015-04-01-744-pm#t=9m18s,Md Mohib-Ul-Haque Khan,watching people coming from and to work
"Brooks - 2015 - 04 - 01, 7.44 PM",Brooks,942350,550229,http://soundcloud.com/openedmonton/brooks-2015-04-01-744-pm#t=9m10s,Md Mohib-Ul-Haque Khan,brooks-highrises
"Brooks - 2015 - 04 - 01, 7.44 PM",Brooks,942350,451213,http://soundcloud.com/openedmonton/brooks-2015-04-01-744-pm#t=7m31s,Md Mohib-Ul-Haque Khan,brooks-cultural places
"Brooks - 2015 - 04 - 01, 7.44 PM",Brooks,942350,451213,http://soundcloud.com/openedmonton/brooks-2015-04-01-744-pm#t=7m31s,Md Mohib-Ul-Haque Khan,paris
"Brooks - 2015 - 04 - 01, 7.44 PM",Brooks,942350,435912,http://soundcloud.com/openedmonton/brooks-2015-04-01-744-pm#t=7m15s,Md Mohib-Ul-Haque Khan,brooks-walking down 109
"Brooks - 2015 - 04 - 01, 7.44 PM",Brooks,942350,407457,http://soundcloud.com/openedmonton/brooks-2015-04-01-744-pm#t=6m47s,Md Mohib-Ul-Haque Khan,walking around jasper ave
"Brooks - 2015 - 04 - 01, 7.44 PM",Brooks,942350,354437,http://soundcloud.com/openedmonton/brooks-2015-04-01-744-pm#t=5m54s,Md Mohib-Ul-Haque Khan,brooks-jasper
"Brooks - 2015 - 04 - 01, 7.44 PM",Brooks,942350,332797,http://soundcloud.com/openedmonton/brooks-2015-04-01-744-pm#t=5m32s,Md Mohib-Ul-Haque Khan,brooks-noisy
"Brooks - 2015 - 04 - 01, 7.44 PM",Brooks,942350,248558,http://soundcloud.com/openedmonton/brooks-2015-04-01-744-pm#t=4m8s,Md Mohib-Ul-Haque Khan,brooks-drinking
"Brooks - 2015 - 04 - 01, 7.44 PM",Brooks,942350,248558,http://soundcloud.com/openedmonton/brooks-2015-04-01-744-pm#t=4m8s,Md Mohib-Ul-Haque Khan,food
"Brooks - 2015 - 04 - 01, 7.44 PM",Brooks,942350,226140,http://soundcloud.com/openedmonton/brooks-2015-04-01-744-pm#t=3m46s,Md Mohib-Ul-Haque Khan,brooks-walkability
"Brooks - 2015 - 04 - 01, 7.44 PM",Brooks,942350,169021,http://soundcloud.com/openedmonton/brooks-2015-04-01-744-pm#t=2m49s,Md Mohib-Ul-Haque Khan,brooks-oliver area
"Brooks - 2015 - 04 - 01, 7.44 PM",Brooks,942350,100445,http://soundcloud.com/openedmonton/brooks-2015-04-01-744-pm#t=1m40s,Md Mohib-Ul-Haque Khan,satellite community
"Brooks - 2015 - 04 - 01, 7.44 PM",Brooks,942350,50646,http://soundcloud.com/openedmonton/brooks-2015-04-01-744-pm#t=0m50s,Md Mohib-Ul-Haque Khan,brooks-college experience
"Ryan  - 2015 - 04 - 01, 7.05 PM",Ryan,1306479,956725,http://soundcloud.com/openedmonton/ryan-2015-04-01-705-pm#t=15m56s,Md Mohib-Ul-Haque Khan,ryan- gangs
"Ryan  - 2015 - 04 - 01, 7.05 PM",Ryan,1306479,854040,http://soundcloud.com/openedmonton/ryan-2015-04-01-705-pm#t=14m14s,Md Mohib-Ul-Haque Khan,halloween in oak hills boys ranch
"Ryan  - 2015 - 04 - 01, 7.05 PM",Ryan,1306479,803748,http://soundcloud.com/openedmonton/ryan-2015-04-01-705-pm#t=13m23s,Md Mohib-Ul-Haque Khan,kicking horse
"Ryan  - 2015 - 04 - 01, 7.05 PM",Ryan,1306479,703395,http://soundcloud.com/openedmonton/ryan-2015-04-01-705-pm#t=11m43s,Md Mohib-Ul-Haque Khan,aboriginal things of oak hills boys ranch
"Ryan  - 2015 - 04 - 01, 7.05 PM",Ryan,1306479,669171,http://soundcloud.com/openedmonton/ryan-2015-04-01-705-pm#t=11m9s,Md Mohib-Ul-Haque Khan,outcome of oak hills boys ranch
"Ryan  - 2015 - 04 - 01, 7.05 PM",Ryan,1306479,637950,http://soundcloud.com/openedmonton/ryan-2015-04-01-705-pm#t=10m37s,Md Mohib-Ul-Haque Khan,oak hills
"Ryan  - 2015 - 04 - 01, 7.05 PM",Ryan,1306479,495978,http://soundcloud.com/openedmonton/ryan-2015-04-01-705-pm#t=8m15s,Md Mohib-Ul-Haque Khan,social services
"Ryan  - 2015 - 04 - 01, 7.05 PM",Ryan,1306479,381323,http://soundcloud.com/openedmonton/ryan-2015-04-01-705-pm#t=6m21s,Md Mohib-Ul-Haque Khan,snowboarding in winter
"Ryan  - 2015 - 04 - 01, 7.05 PM",Ryan,1306479,307581,http://soundcloud.com/openedmonton/ryan-2015-04-01-705-pm#t=5m7s,Md Mohib-Ul-Haque Khan,ryan- longboard
"Ryan  - 2015 - 04 - 01, 7.05 PM",Ryan,1306479,264208,http://soundcloud.com/openedmonton/ryan-2015-04-01-705-pm#t=4m24s,Md Mohib-Ul-Haque Khan,ryan- close out of Target
"Ryan  - 2015 - 04 - 01, 7.05 PM",Ryan,1306479,239306,http://soundcloud.com/openedmonton/ryan-2015-04-01-705-pm#t=3m59s,Md Mohib-Ul-Haque Khan,ryan- target's business in Edmonton
"Ryan  - 2015 - 04 - 01, 7.05 PM",Ryan,1306479,165333,http://soundcloud.com/openedmonton/ryan-2015-04-01-705-pm#t=2m45s,Md Mohib-Ul-Haque Khan,ryan- target
"Ryan  - 2015 - 04 - 01, 7.05 PM",Ryan,1306479,102689,http://soundcloud.com/openedmonton/ryan-2015-04-01-705-pm#t=1m42s,Md Mohib-Ul-Haque Khan,ryan- food section of superstore
"Ryan  - 2015 - 04 - 01, 7.05 PM",Ryan,1306479,66677,http://soundcloud.com/openedmonton/ryan-2015-04-01-705-pm#t=1m6s,Md Mohib-Ul-Haque Khan,ryan- superstore
"Ryan  - 2015 - 04 - 01, 7.05 PM",Ryan,1306479,35366,http://soundcloud.com/openedmonton/ryan-2015-04-01-705-pm#t=0m35s,Md Mohib-Ul-Haque Khan,ryan- kingsley
Alfred April 1,Alfred,747641,457382,http://soundcloud.com/openedmonton/alfred-april-1#t=7m37s,Md Mohib-Ul-Haque Khan,SATV
Alfred April 1,Alfred,747641,342278,http://soundcloud.com/openedmonton/alfred-april-1#t=5m42s,Md Mohib-Ul-Haque Khan,autograph
Alfred April 1,Alfred,747641,262428,http://soundcloud.com/openedmonton/alfred-april-1#t=4m22s,Md Mohib-Ul-Haque Khan,alfred- experience about working movies
"Jodine - 2015 - 04 - 01, 5.36 PM",Jodine,845740,788087,http://soundcloud.com/openedmonton/jodine-2015-04-01-536-pm#t=13m8s,acecarruthers,grocery conveyor belt
"Jodine - 2015 - 04 - 01, 5.36 PM",Jodine,845740,778951,http://soundcloud.com/openedmonton/jodine-2015-04-01-536-pm#t=12m58s,acecarruthers,grocery store
"Jodine - 2015 - 04 - 01, 5.36 PM",Jodine,845740,718581,http://soundcloud.com/openedmonton/jodine-2015-04-01-536-pm#t=11m58s,acecarruthers,Woodward's department store
"Jodine - 2015 - 04 - 01, 5.36 PM",Jodine,845740,692178,http://soundcloud.com/openedmonton/jodine-2015-04-01-536-pm#t=11m32s,acecarruthers,Disney
"Jodine - 2015 - 04 - 01, 5.36 PM",Jodine,845740,678780,http://soundcloud.com/openedmonton/jodine-2015-04-01-536-pm#t=11m18s,acecarruthers,animatronic window display
"Jodine - 2015 - 04 - 01, 5.36 PM",Jodine,845740,676121,http://soundcloud.com/openedmonton/jodine-2015-04-01-536-pm#t=11m16s,acecarruthers,The Bay
"Jodine - 2015 - 04 - 01, 5.36 PM",Jodine,845740,674074,http://soundcloud.com/openedmonton/jodine-2015-04-01-536-pm#t=11m14s,acecarruthers,Mike's Newsstand
"Jodine - 2015 - 04 - 01, 5.36 PM",Jodine,845740,656324,http://soundcloud.com/openedmonton/jodine-2015-04-01-536-pm#t=10m56s,acecarruthers,neon signs
"Jodine - 2015 - 04 - 01, 5.36 PM",Jodine,845740,656324,http://soundcloud.com/openedmonton/jodine-2015-04-01-536-pm#t=10m56s,acecarruthers,1960s
"Jodine - 2015 - 04 - 01, 5.36 PM",Jodine,845740,567615,http://soundcloud.com/openedmonton/jodine-2015-04-01-536-pm#t=9m27s,acecarruthers,Christmas lights
"Jodine - 2015 - 04 - 01, 5.36 PM",Jodine,845740,574453,http://soundcloud.com/openedmonton/jodine-2015-04-01-536-pm#t=9m34s,acecarruthers,Jasper Ave
"Jodine - 2015 - 04 - 01, 5.36 PM",Jodine,845740,439189,http://soundcloud.com/openedmonton/jodine-2015-04-01-536-pm#t=7m19s,acecarruthers,same sex marriage
"Jodine - 2015 - 04 - 01, 5.36 PM",Jodine,845740,404714,http://soundcloud.com/openedmonton/jodine-2015-04-01-536-pm#t=6m44s,acecarruthers,Santa Claus
"Jodine - 2015 - 04 - 01, 5.36 PM",Jodine,845740,360873,http://soundcloud.com/openedmonton/jodine-2015-04-01-536-pm#t=6m0s,acecarruthers,Christmas Eve
"Jodine - 2015 - 04 - 01, 5.36 PM",Jodine,845740,361311,http://soundcloud.com/openedmonton/jodine-2015-04-01-536-pm#t=6m1s,acecarruthers,Hawksley Workman
"Jodine - 2015 - 04 - 01, 5.36 PM",Jodine,845740,296939,http://soundcloud.com/openedmonton/jodine-2015-04-01-536-pm#t=4m56s,acecarruthers,worker's march
"Jodine - 2015 - 04 - 01, 5.36 PM",Jodine,845740,289646,http://soundcloud.com/openedmonton/jodine-2015-04-01-536-pm#t=4m49s,acecarruthers,1914
"Jodine - 2015 - 04 - 01, 5.36 PM",Jodine,845740,275755,http://soundcloud.com/openedmonton/jodine-2015-04-01-536-pm#t=4m35s,acecarruthers,Steel crash
"Jodine - 2015 - 04 - 01, 5.36 PM",Jodine,845740,269323,http://soundcloud.com/openedmonton/jodine-2015-04-01-536-pm#t=4m29s,acecarruthers,Nellie McClung
"Jodine - 2015 - 04 - 01, 5.36 PM",Jodine,845740,215122,http://soundcloud.com/openedmonton/jodine-2015-04-01-536-pm#t=3m35s,acecarruthers,Suffragette
"Jodine - 2015 - 04 - 01, 5.36 PM",Jodine,845740,213739,http://soundcloud.com/openedmonton/jodine-2015-04-01-536-pm#t=3m33s,acecarruthers,Fort Edmonton
"Jodine - 2015 - 04 - 01, 5.36 PM",Jodine,845740,195091,http://soundcloud.com/openedmonton/jodine-2015-04-01-536-pm#t=3m15s,acecarruthers,George McDougal
"Jodine - 2015 - 04 - 01, 5.36 PM",Jodine,845740,193682,http://soundcloud.com/openedmonton/jodine-2015-04-01-536-pm#t=3m13s,acecarruthers,performance
"Jodine - 2015 - 04 - 01, 5.36 PM",Jodine,845740,173411,http://soundcloud.com/openedmonton/jodine-2015-04-01-536-pm#t=2m53s,acecarruthers,Kokopelli Choir
"Jodine - 2015 - 04 - 01, 5.36 PM",Jodine,845740,164307,http://soundcloud.com/openedmonton/jodine-2015-04-01-536-pm#t=2m44s,acecarruthers,artists
"Jodine - 2015 - 04 - 01, 5.36 PM",Jodine,845740,151175,http://soundcloud.com/openedmonton/jodine-2015-04-01-536-pm#t=2m31s,acecarruthers,Mental health work
"Jodine - 2015 - 04 - 01, 5.36 PM",Jodine,845740,132891,http://soundcloud.com/openedmonton/jodine-2015-04-01-536-pm#t=2m12s,acecarruthers,Bissel Centre
"Jodine - 2015 - 04 - 01, 5.36 PM",Jodine,845740,77744,http://soundcloud.com/openedmonton/jodine-2015-04-01-536-pm#t=1m17s,acecarruthers,McDougal Auditorium
"Jodine - 2015 - 04 - 01, 5.36 PM",Jodine,845740,102697,http://soundcloud.com/openedmonton/jodine-2015-04-01-536-pm#t=1m42s,acecarruthers,Methodist
"Jodine - 2015 - 04 - 01, 5.36 PM",Jodine,845740,81554,http://soundcloud.com/openedmonton/jodine-2015-04-01-536-pm#t=1m21s,acecarruthers,Outreach
"Jodine - 2015 - 04 - 01, 5.36 PM",Jodine,845740,62720,http://soundcloud.com/openedmonton/jodine-2015-04-01-536-pm#t=1m2s,acecarruthers,105 years old
"Jodine - 2015 - 04 - 01, 5.36 PM",Jodine,845740,53153,http://soundcloud.com/openedmonton/jodine-2015-04-01-536-pm#t=0m53s,acecarruthers,Friends of McDougal
"Jodine - 2015 - 04 - 01, 5.36 PM",Jodine,845740,34684,http://soundcloud.com/openedmonton/jodine-2015-04-01-536-pm#t=0m34s,acecarruthers,Downtown
"Jodine - 2015 - 04 - 01, 5.36 PM",Jodine,845740,289878,http://soundcloud.com/openedmonton/jodine-2015-04-01-536-pm#t=4m49s,acecarruthers,McDougal Church
Mayja April 8,Mayja,1181367,1128342,http://soundcloud.com/openedmonton/mayja-april-8#t=18m48s,OpenEdmonton,free range kids
Mayja April 8,Mayja,1181367,965655,http://soundcloud.com/openedmonton/mayja-april-8#t=16m5s,OpenEdmonton,Big House
Mayja April 8,Mayja,1181367,752432,http://soundcloud.com/openedmonton/mayja-april-8#t=12m32s,OpenEdmonton,Fringe
Mayja April 8,Mayja,1181367,578156,http://soundcloud.com/openedmonton/mayja-april-8#t=9m38s,OpenEdmonton,Old Scona
Mayja April 8,Mayja,1181367,447192,http://soundcloud.com/openedmonton/mayja-april-8#t=7m27s,OpenEdmonton,hutterites
Mayja April 8,Mayja,1181367,442172,http://soundcloud.com/openedmonton/mayja-april-8#t=7m22s,OpenEdmonton,black market
Mayja April 8,Mayja,1181367,442172,http://soundcloud.com/openedmonton/mayja-april-8#t=7m22s,OpenEdmonton,WEM
Mayja April 8,Mayja,1181367,382151,http://soundcloud.com/openedmonton/mayja-april-8#t=6m22s,OpenEdmonton,west edmonton mall
Mayja April 8,Mayja,1181367,356358,http://soundcloud.com/openedmonton/mayja-april-8#t=5m56s,OpenEdmonton,Group home
Mayja April 8,Mayja,1181367,266965,http://soundcloud.com/openedmonton/mayja-april-8#t=4m26s,OpenEdmonton,Pet skunk
Mayja April 8,Mayja,1181367,219377,http://soundcloud.com/openedmonton/mayja-april-8#t=3m39s,OpenEdmonton,Pets
Mayja April 8,Mayja,1181367,128221,http://soundcloud.com/openedmonton/mayja-april-8#t=2m8s,OpenEdmonton,Junkyard
Mayja April 8,Mayja,1181367,82952,http://soundcloud.com/openedmonton/mayja-april-8#t=1m22s,OpenEdmonton,Best friend
Mayja April 8,Mayja,1181367,62713,http://soundcloud.com/openedmonton/mayja-april-8#t=1m2s,OpenEdmonton,Free range kids
Wally April 8,Wally,1380517,1285657,http://soundcloud.com/openedmonton/wally-april-8#t=21m25s,Wesley Andreas,cars
Wally April 8,Wally,1380517,1255321,http://soundcloud.com/openedmonton/wally-april-8#t=20m55s,Wesley Andreas,W W Arcade
Wally April 8,Wally,1380517,1184532,http://soundcloud.com/openedmonton/wally-april-8#t=19m44s,Wesley Andreas,hardware stores
Wally April 8,Wally,1380517,1027704,http://soundcloud.com/openedmonton/wally-april-8#t=17m7s,Wesley Andreas,ice rink
Wally April 8,Wally,1380517,1015375,http://soundcloud.com/openedmonton/wally-april-8#t=16m55s,Wesley Andreas,winter
Wally April 8,Wally,1380517,990287,http://soundcloud.com/openedmonton/wally-april-8#t=16m30s,Wesley Andreas,skating rink
Wally April 8,Wally,1380517,980477,http://soundcloud.com/openedmonton/wally-april-8#t=16m20s,Wesley Andreas,Community League
Wally April 8,Wally,1380517,916009,http://soundcloud.com/openedmonton/wally-april-8#t=15m16s,Wesley Andreas,families
Wally April 8,Wally,1380517,894380,http://soundcloud.com/openedmonton/wally-april-8#t=14m54s,Wesley Andreas,St. Agnes
Wally April 8,Wally,1380517,821206,http://soundcloud.com/openedmonton/wally-april-8#t=13m41s,Wesley Andreas,Allendale
Wally April 8,Wally,1380517,821206,http://soundcloud.com/openedmonton/wally-april-8#t=13m41s,Wesley Andreas,history
Wally April 8,Wally,1380517,807982,http://soundcloud.com/openedmonton/wally-april-8#t=13m27s,Wesley Andreas,hotels
Wally April 8,Wally,1380517,788872,http://soundcloud.com/openedmonton/wally-april-8#t=13m8s,Wesley Andreas,taverns
Wally April 8,Wally,1380517,764806,http://soundcloud.com/openedmonton/wally-april-8#t=12m44s,Wesley Andreas,liquor laws
Wally April 8,Wally,1380517,670223,http://soundcloud.com/openedmonton/wally-april-8#t=11m10s,Wesley Andreas,alcohol
Wally April 8,Wally,1380517,653064,http://soundcloud.com/openedmonton/wally-april-8#t=10m53s,Wesley Andreas,Rainbow Ballroom
Wally April 8,Wally,1380517,599138,http://soundcloud.com/openedmonton/wally-april-8#t=9m59s,Wesley Andreas,dancing
Wally April 8,Wally,1380517,572772,http://soundcloud.com/openedmonton/wally-april-8#t=9m32s,Wesley Andreas,milk wagon
Wally April 8,Wally,1380517,559886,http://soundcloud.com/openedmonton/wally-april-8#t=9m19s,Wesley Andreas,High Level bridge
Wally April 8,Wally,1380517,511764,http://soundcloud.com/openedmonton/wally-april-8#t=8m31s,Wesley Andreas,first date
Wally April 8,Wally,1380517,441318,http://soundcloud.com/openedmonton/wally-april-8#t=7m21s,Wesley Andreas,rooming house
Wally April 8,Wally,1380517,432192,http://soundcloud.com/openedmonton/wally-april-8#t=7m12s,Wesley Andreas,Commercial Hotel
Wally April 8,Wally,1380517,388587,http://soundcloud.com/openedmonton/wally-april-8#t=6m28s,Wesley Andreas,Hub Cigar
Wally April 8,Wally,1380517,369211,http://soundcloud.com/openedmonton/wally-april-8#t=6m9s,Wesley Andreas,businesses
Wally April 8,Wally,1380517,351507,http://soundcloud.com/openedmonton/wally-april-8#t=5m51s,Wesley Andreas,Whyte Avenue
Wally April 8,Wally,1380517,342253,http://soundcloud.com/openedmonton/wally-april-8#t=5m42s,Wesley Andreas,76 Avenue
Wally April 8,Wally,1380517,282070,http://soundcloud.com/openedmonton/wally-april-8#t=4m42s,Wesley Andreas,63 Avenue
Wally April 8,Wally,1380517,282070,http://soundcloud.com/openedmonton/wally-april-8#t=4m42s,Wesley Andreas,transit
Wally April 8,Wally,1380517,282070,http://soundcloud.com/openedmonton/wally-april-8#t=4m42s,Wesley Andreas,bus
Wally April 8,Wally,1380517,197626,http://soundcloud.com/openedmonton/wally-april-8#t=3m17s,Wesley Andreas,Federal Building
Wally April 8,Wally,1380517,197626,http://soundcloud.com/openedmonton/wally-april-8#t=3m17s,Wesley Andreas,hospitals
Wally April 8,Wally,1380517,183380,http://soundcloud.com/openedmonton/wally-april-8#t=3m3s,Wesley Andreas,electrician
Wally April 8,Wally,1380517,166349,http://soundcloud.com/openedmonton/wally-april-8#t=2m46s,Wesley Andreas,Norwood
Wally April 8,Wally,1380517,145232,http://soundcloud.com/openedmonton/wally-april-8#t=2m25s,Wesley Andreas,Army and Navy
Wally April 8,Wally,1380517,138753,http://soundcloud.com/openedmonton/wally-april-8#t=2m18s,Wesley Andreas,factory
Wally April 8,Wally,1380517,123812,http://soundcloud.com/openedmonton/wally-april-8#t=2m3s,Wesley Andreas,jeans
Wally April 8,Wally,1380517,101290,http://soundcloud.com/openedmonton/wally-april-8#t=1m41s,Wesley Andreas,GWG
Wally April 8,Wally,1380517,101290,http://soundcloud.com/openedmonton/wally-april-8#t=1m41s,Wesley Andreas,Great Western Garment
Wally April 8,Wally,1380517,93569,http://soundcloud.com/openedmonton/wally-april-8#t=1m33s,Wesley Andreas,farm
Wally April 8,Wally,1380517,84990,http://soundcloud.com/openedmonton/wally-april-8#t=1m24s,Wesley Andreas,fiddle
Wally April 8,Wally,1380517,51522,http://soundcloud.com/openedmonton/wally-april-8#t=0m51s,Wesley Andreas,classical
Wally April 8,Wally,1380517,18923,http://soundcloud.com/openedmonton/wally-april-8#t=0m18s,Wesley Andreas,music
Wally April 8,Wally,1380517,3507,http://soundcloud.com/openedmonton/wally-april-8#t=0m3s,Wesley Andreas,1947
Wally April 8,Wally,1380517,7310,http://soundcloud.com/openedmonton/wally-april-8#t=0m7s,Wesley Andreas,1947
Tony 2 April 8,Tony,240112,125240,http://soundcloud.com/openedmonton/tony-2-april-8#t=2m5s,Wesley Andreas,Whyte Avenue bars
Tony 2 April 8,Tony,240112,109259,http://soundcloud.com/openedmonton/tony-2-april-8#t=1m49s,Wesley Andreas,Commercial Hotel
Tony 2 April 8,Tony,240112,91937,http://soundcloud.com/openedmonton/tony-2-april-8#t=1m31s,Wesley Andreas,Strathcona Hotel
Tony 2 April 8,Tony,240112,53452,http://soundcloud.com/openedmonton/tony-2-april-8#t=0m53s,Wesley Andreas,Princess Theatre
Tony 2 April 8,Tony,240112,13561,http://soundcloud.com/openedmonton/tony-2-april-8#t=0m13s,Wesley Andreas,Strathcona post office
Tony 2 April 8,Tony,240112,4319,http://soundcloud.com/openedmonton/tony-2-april-8#t=0m4s,Wesley Andreas,Whyte Avenue
Nessa April8,Nessa,819641,733734,http://soundcloud.com/openedmonton/nessa-april8#t=12m13s,Wesley Andreas,playground
Nessa April8,Nessa,819641,685531,http://soundcloud.com/openedmonton/nessa-april8#t=11m25s,Wesley Andreas,park
Nessa April8,Nessa,819641,668337,http://soundcloud.com/openedmonton/nessa-april8#t=11m8s,Wesley Andreas,breakfast
Nessa April8,Nessa,819641,648496,http://soundcloud.com/openedmonton/nessa-april8#t=10m48s,Wesley Andreas,restaurants
Nessa April8,Nessa,819641,526944,http://soundcloud.com/openedmonton/nessa-april8#t=8m46s,Wesley Andreas,animal actor
Nessa April8,Nessa,819641,397753,http://soundcloud.com/openedmonton/nessa-april8#t=6m37s,Wesley Andreas,Bailey the Buffalo
Nessa April8,Nessa,819641,397753,http://soundcloud.com/openedmonton/nessa-april8#t=6m37s,Wesley Andreas,bison
Nessa April8,Nessa,819641,352114,http://soundcloud.com/openedmonton/nessa-april8#t=5m52s,Wesley Andreas,River Valley
Nessa April8,Nessa,819641,352114,http://soundcloud.com/openedmonton/nessa-april8#t=5m52s,Wesley Andreas,walking
Nessa April8,Nessa,819641,352114,http://soundcloud.com/openedmonton/nessa-april8#t=5m52s,Wesley Andreas,dog
Nessa April8,Nessa,819641,251470,http://soundcloud.com/openedmonton/nessa-april8#t=4m11s,Wesley Andreas,109 Street
Nessa April8,Nessa,819641,251470,http://soundcloud.com/openedmonton/nessa-april8#t=4m11s,Wesley Andreas,community engagement
Nessa April8,Nessa,819641,232187,http://soundcloud.com/openedmonton/nessa-april8#t=3m52s,Wesley Andreas,Artist in Residence
Nessa April8,Nessa,819641,232187,http://soundcloud.com/openedmonton/nessa-april8#t=3m52s,Wesley Andreas,City Hall school
Nessa April8,Nessa,819641,217548,http://soundcloud.com/openedmonton/nessa-april8#t=3m37s,Wesley Andreas,City Hall
Nessa April8,Nessa,819641,168486,http://soundcloud.com/openedmonton/nessa-april8#t=2m48s,Wesley Andreas,City Council
Nessa April8,Nessa,819641,136285,http://soundcloud.com/openedmonton/nessa-april8#t=2m16s,Wesley Andreas,Don Iveson
Nessa April8,Nessa,819641,57479,http://soundcloud.com/openedmonton/nessa-april8#t=0m57s,Wesley Andreas,politics
Nessa April8,Nessa,819641,4146,http://soundcloud.com/openedmonton/nessa-april8#t=0m4s,Wesley Andreas,youth
Tony April 8,Tony,701505,592191,http://soundcloud.com/openedmonton/tony-april-8#t=9m52s,Wesley Andreas,fastball championships
Tony April 8,Tony,701505,555494,http://soundcloud.com/openedmonton/tony-april-8#t=9m15s,Wesley Andreas,liquor stores
Tony April 8,Tony,701505,492442,http://soundcloud.com/openedmonton/tony-april-8#t=8m12s,Wesley Andreas,Calgary Trail hotels
Tony April 8,Tony,701505,472172,http://soundcloud.com/openedmonton/tony-april-8#t=7m52s,Wesley Andreas,music venues
Tony April 8,Tony,701505,396652,http://soundcloud.com/openedmonton/tony-april-8#t=6m36s,Wesley Andreas,hardware store
Tony April 8,Tony,701505,368406,http://soundcloud.com/openedmonton/tony-april-8#t=6m8s,Wesley Andreas,Allendale strip mall
Tony April 8,Tony,701505,339103,http://soundcloud.com/openedmonton/tony-april-8#t=5m39s,Wesley Andreas,1970s
Tony April 8,Tony,701505,294731,http://soundcloud.com/openedmonton/tony-april-8#t=4m54s,Wesley Andreas,live music
Tony April 8,Tony,701505,232005,http://soundcloud.com/openedmonton/tony-april-8#t=3m52s,Wesley Andreas,high school dances
Tony April 8,Tony,701505,218399,http://soundcloud.com/openedmonton/tony-april-8#t=3m38s,Wesley Andreas,Empire Park
Tony April 8,Tony,701505,194843,http://soundcloud.com/openedmonton/tony-april-8#t=3m14s,Wesley Andreas,Lendrum
Tony April 8,Tony,701505,175609,http://soundcloud.com/openedmonton/tony-april-8#t=2m55s,Wesley Andreas,Pleasantview
Tony April 8,Tony,701505,137343,http://soundcloud.com/openedmonton/tony-april-8#t=2m17s,Wesley Andreas,Parkallen
Tony April 8,Tony,701505,52659,http://soundcloud.com/openedmonton/tony-april-8#t=0m52s,Wesley Andreas,hockey
Tony April 8,Tony,701505,52659,http://soundcloud.com/openedmonton/tony-april-8#t=0m52s,Wesley Andreas,fastball
Tony April 8,Tony,701505,52659,http://soundcloud.com/openedmonton/tony-april-8#t=0m52s,Wesley Andreas,Community League
Tony April 8,Tony,701505,41131,http://soundcloud.com/openedmonton/tony-april-8#t=0m41s,Wesley Andreas,St. Agnes school
Tony April 8,Tony,701505,32926,http://soundcloud.com/openedmonton/tony-april-8#t=0m32s,Wesley Andreas,63 Avenue
Tony April 8,Tony,701505,22605,http://soundcloud.com/openedmonton/tony-april-8#t=0m22s,Wesley Andreas,Allendale
Tony April 8,Tony,701505,2868,http://soundcloud.com/openedmonton/tony-april-8#t=0m2s,Wesley Andreas,1963
"Alex- 2015 - 04 - 14, 5.40 PM",Alex,1903903,1755305,http://soundcloud.com/openedmonton/alex-2015-04-14-540-pm#t=29m15s,OpenEdmonton,New architecture
"Alex- 2015 - 04 - 14, 5.40 PM",Alex,1903903,1677478,http://soundcloud.com/openedmonton/alex-2015-04-14-540-pm#t=27m57s,OpenEdmonton,post office
"Alex- 2015 - 04 - 14, 5.40 PM",Alex,1903903,1669445,http://soundcloud.com/openedmonton/alex-2015-04-14-540-pm#t=27m49s,OpenEdmonton,supreme court house
"Alex- 2015 - 04 - 14, 5.40 PM",Alex,1903903,1602992,http://soundcloud.com/openedmonton/alex-2015-04-14-540-pm#t=26m42s,OpenEdmonton,sidetrack cafe
"Alex- 2015 - 04 - 14, 5.40 PM",Alex,1903903,1569603,http://soundcloud.com/openedmonton/alex-2015-04-14-540-pm#t=26m9s,OpenEdmonton,private sector
"Alex- 2015 - 04 - 14, 5.40 PM",Alex,1903903,1569603,http://soundcloud.com/openedmonton/alex-2015-04-14-540-pm#t=26m9s,OpenEdmonton,public sector
"Alex- 2015 - 04 - 14, 5.40 PM",Alex,1903903,1410667,http://soundcloud.com/openedmonton/alex-2015-04-14-540-pm#t=23m30s,OpenEdmonton,1980's
"Alex- 2015 - 04 - 14, 5.40 PM",Alex,1903903,1410667,http://soundcloud.com/openedmonton/alex-2015-04-14-540-pm#t=23m30s,OpenEdmonton,1990's
"Alex- 2015 - 04 - 14, 5.40 PM",Alex,1903903,1290741,http://soundcloud.com/openedmonton/alex-2015-04-14-540-pm#t=21m30s,OpenEdmonton,minister of finance
"Alex- 2015 - 04 - 14, 5.40 PM",Alex,1903903,1121706,http://soundcloud.com/openedmonton/alex-2015-04-14-540-pm#t=18m41s,OpenEdmonton,GST
"Alex- 2015 - 04 - 14, 5.40 PM",Alex,1903903,980696,http://soundcloud.com/openedmonton/alex-2015-04-14-540-pm#t=16m20s,OpenEdmonton,Canada Place
"Alex- 2015 - 04 - 14, 5.40 PM",Alex,1903903,880367,http://soundcloud.com/openedmonton/alex-2015-04-14-540-pm#t=14m40s,OpenEdmonton,bus
"Alex- 2015 - 04 - 14, 5.40 PM",Alex,1903903,880367,http://soundcloud.com/openedmonton/alex-2015-04-14-540-pm#t=14m40s,OpenEdmonton,protest
"Alex- 2015 - 04 - 14, 5.40 PM",Alex,1903903,780504,http://soundcloud.com/openedmonton/alex-2015-04-14-540-pm#t=13m0s,OpenEdmonton,Day care
"Alex- 2015 - 04 - 14, 5.40 PM",Alex,1903903,780504,http://soundcloud.com/openedmonton/alex-2015-04-14-540-pm#t=13m0s,OpenEdmonton,funding
"Alex- 2015 - 04 - 14, 5.40 PM",Alex,1903903,685449,http://soundcloud.com/openedmonton/alex-2015-04-14-540-pm#t=11m25s,OpenEdmonton,BIg MIller
"Alex- 2015 - 04 - 14, 5.40 PM",Alex,1903903,587885,http://soundcloud.com/openedmonton/alex-2015-04-14-540-pm#t=9m47s,OpenEdmonton,Hotel Macdonald
"Alex- 2015 - 04 - 14, 5.40 PM",Alex,1903903,585170,http://soundcloud.com/openedmonton/alex-2015-04-14-540-pm#t=9m45s,OpenEdmonton,downtown revitalization
"Alex- 2015 - 04 - 14, 5.40 PM",Alex,1903903,517069,http://soundcloud.com/openedmonton/alex-2015-04-14-540-pm#t=8m37s,OpenEdmonton,billion dollars
"Alex- 2015 - 04 - 14, 5.40 PM",Alex,1903903,184033,http://soundcloud.com/openedmonton/alex-2015-04-14-540-pm#t=3m4s,OpenEdmonton,edmonton telephone company
"Alex- 2015 - 04 - 14, 5.40 PM",Alex,1903903,323,http://soundcloud.com/openedmonton/alex-2015-04-14-540-pm#t=0m0s,OpenEdmonton,finance commision
"Alex- 2015 - 04 - 14, 5.40 PM",Alex,1903903,323,http://soundcloud.com/openedmonton/alex-2015-04-14-540-pm#t=0m0s,OpenEdmonton,Mayor Decore
"Adrian - 2015 - 04 - 15, 5.48 PM",Adrian,682250,185954,http://soundcloud.com/openedmonton/adrian-2015-04-15-548-pm#t=3m5s,OpenEdmonton,homeless camp
"Adrian - 2015 - 04 - 15, 5.48 PM",Adrian,682250,185954,http://soundcloud.com/openedmonton/adrian-2015-04-15-548-pm#t=3m5s,OpenEdmonton,scared
"Adrian - 2015 - 04 - 15, 5.48 PM",Adrian,682250,151795,http://soundcloud.com/openedmonton/adrian-2015-04-15-548-pm#t=2m31s,OpenEdmonton,homeless
"Adrian - 2015 - 04 - 15, 5.48 PM",Adrian,682250,151795,http://soundcloud.com/openedmonton/adrian-2015-04-15-548-pm#t=2m31s,OpenEdmonton,beg
"Adrian - 2015 - 04 - 15, 5.48 PM",Adrian,682250,151795,http://soundcloud.com/openedmonton/adrian-2015-04-15-548-pm#t=2m31s,OpenEdmonton,group home
"Adrian - 2015 - 04 - 15, 5.48 PM",Adrian,682250,126501,http://soundcloud.com/openedmonton/adrian-2015-04-15-548-pm#t=2m6s,OpenEdmonton,hobo
"Adrian - 2015 - 04 - 15, 5.48 PM",Adrian,682250,126501,http://soundcloud.com/openedmonton/adrian-2015-04-15-548-pm#t=2m6s,OpenEdmonton,camp
"Adrian - 2015 - 04 - 15, 5.48 PM",Adrian,682250,126501,http://soundcloud.com/openedmonton/adrian-2015-04-15-548-pm#t=2m6s,OpenEdmonton,homeless
"Adrian - 2015 - 04 - 15, 5.48 PM",Adrian,682250,71981,http://soundcloud.com/openedmonton/adrian-2015-04-15-548-pm#t=1m11s,OpenEdmonton,wander
"Adrian - 2015 - 04 - 15, 5.48 PM",Adrian,682250,71981,http://soundcloud.com/openedmonton/adrian-2015-04-15-548-pm#t=1m11s,OpenEdmonton,favorite
"Adrian - 2015 - 04 - 15, 5.48 PM",Adrian,682250,71981,http://soundcloud.com/openedmonton/adrian-2015-04-15-548-pm#t=1m11s,OpenEdmonton,bush
"Adrian - 2015 - 04 - 15, 5.48 PM",Adrian,682250,71981,http://soundcloud.com/openedmonton/adrian-2015-04-15-548-pm#t=1m11s,OpenEdmonton,jasper
"Adrian - 2015 - 04 - 15, 5.48 PM",Adrian,682250,50336,http://soundcloud.com/openedmonton/adrian-2015-04-15-548-pm#t=0m50s,OpenEdmonton,explore
"Adrian - 2015 - 04 - 15, 5.48 PM",Adrian,682250,50336,http://soundcloud.com/openedmonton/adrian-2015-04-15-548-pm#t=0m50s,OpenEdmonton,ETS
"Adrian - 2015 - 04 - 15, 5.48 PM",Adrian,682250,12849,http://soundcloud.com/openedmonton/adrian-2015-04-15-548-pm#t=0m12s,OpenEdmonton,downtown
"Adrian - 2015 - 04 - 15, 5.48 PM",Adrian,682250,12849,http://soundcloud.com/openedmonton/adrian-2015-04-15-548-pm#t=0m12s,OpenEdmonton,train
"Adrian - 2015 - 04 - 15, 5.48 PM",Adrian,682250,12849,http://soundcloud.com/openedmonton/adrian-2015-04-15-548-pm#t=0m12s,OpenEdmonton,fun
"Adrian - 2015 - 04 - 15, 5.48 PM",Adrian,682250,12849,http://soundcloud.com/openedmonton/adrian-2015-04-15-548-pm#t=0m12s,OpenEdmonton,girlfriend
"Adrian - 2015 - 04 - 15, 5.48 PM",Adrian,682250,12849,http://soundcloud.com/openedmonton/adrian-2015-04-15-548-pm#t=0m12s,OpenEdmonton,elevator
Duncan,Duncan,1198713,209994,http://soundcloud.com/openedmonton/duncan#t=3m29s,fahim hassan,save
Duncan,Duncan,1198713,209994,http://soundcloud.com/openedmonton/duncan#t=3m29s,fahim hassan,heritage
Duncan,Duncan,1198713,209994,http://soundcloud.com/openedmonton/duncan#t=3m29s,fahim hassan,conservation
Duncan,Duncan,1198713,144281,http://soundcloud.com/openedmonton/duncan#t=2m24s,fahim hassan,implosion
Duncan,Duncan,1198713,144281,http://soundcloud.com/openedmonton/duncan#t=2m24s,fahim hassan,dynamite
Duncan,Duncan,1198713,87770,http://soundcloud.com/openedmonton/duncan#t=1m27s,fahim hassan,heritage
Duncan,Duncan,1198713,87770,http://soundcloud.com/openedmonton/duncan#t=1m27s,fahim hassan,loss
Duncan,Duncan,1198713,51176,http://soundcloud.com/openedmonton/duncan#t=0m51s,fahim hassan,heritage building
